frase,situacao
sinto dor no peito e falta de ar,alto risco
tive um leve incômodo nas costas,baixo risco
estou com um aperto forte no peito que vai para o braço esquerdo,alto risco
estou com o nariz entupido e espirrando muito,baixo risco
a dor no peito começou há meia hora e não passa com repouso,alto risco
sinto uma dor muscular na perna depois da corrida,baixo risco
sinto uma pressão no meio do peito e estou suando frio,alto risco
tenho dor de garganta desde ontem,baixo risco
desmaiei duas vezes hoje sem motivo aparente,alto risco
estou um pouco cansado depois de uma semana de muito trabalho,baixo risco
meu coração está disparado e sinto que vou desmaiar,alto risco
tive uma dor de cabeça leve que passou com analgésico,baixo risco
de repente fiquei com muita falta de ar e dor ao respirar,alto risco
meu joelho dói quando subo escada,baixo risco
acordei sufocado de madrugada e precisei sentar para conseguir respirar,alto risco
sinto coceira na pele depois de usar um sabonete novo,baixo risco
minha boca ficou torta e não consigo mexer o braço direito,alto risco
estou com dor no ombro por ter dormido de mau jeito,baixo risco
a pressão deu 22 por 13 e estou com dor de cabeça muito forte,alto risco
tive azia depois de comer feijoada,baixo risco
sinto queimação no peito que sobe para a mandíbula quando caminho,alto risco
sinto a garganta arranhando e uma tosse leve,baixo risco
meu peito dói muito e estou com enjoo e tontura,alto risco
estou com uma dor leve no pé desde que troquei de tênis,baixo risco
tenho palpitações fortes e a vista está escurecendo,alto risco
tenho insônia há alguns dias por causa da ansiedade com provas,baixo risco
a perna esquerda inchou de repente e agora estou com falta de ar,alto risco
"sinto o peito dolorido quando aperto, depois do treino de supino",baixo risco
estou tossindo sangue e com o peito doendo,alto risco
tive diarreia leve depois de comer fora,baixo risco
sinto um peso enorme no tórax desde que acordei,alto risco
estou com o olho vermelho e coçando,baixo risco
não consigo subir nem três degraus sem perder o fôlego,alto risco
sinto dor nas costas depois de passar o dia sentado,baixo risco
minhas pernas estão muito inchadas e não consigo deitar por falta de ar,alto risco
tenho uma afta que está doendo para comer,baixo risco
senti uma dor rasgando no peito que foi para as costas,alto risco
estou com a pressão controlada e vim só renovar a receita,baixo risco
os batimentos estão muito lentos e me sinto fraco e confuso,alto risco
sinto cansaço nas pernas no fim do dia de trabalho em pé,baixo risco
sou diabético e sinto um mal-estar no peito com suor frio,alto risco
"tive uma tontura rápida ao levantar da cama, que passou logo",baixo risco
apaguei enquanto dirigia e só acordei com o carro parado,alto risco
estou com cólica leve,baixo risco
estou com o lábio arroxeado e respirando com dificuldade,alto risco
sinto o pescoço tenso por causa do estresse,baixo risco
a dor no peito piora com qualquer esforço e já dura mais de vinte minutos,alto risco
meu ouvido está entupido depois da piscina,baixo risco
sinto o coração falhando e uma fraqueza muito grande,alto risco
tive febre baixa ontem e hoje já estou bem,baixo risco
meu braço esquerdo está dormente e o peito está apertado,alto risco
estou com dor no punho de tanto digitar,baixo risco
fiz cirurgia semana passada e agora estou com falta de ar súbita,alto risco
sinto o estômago estufado depois das refeições,baixo risco
a dor no peito me acordou durante a noite e não melhorou,alto risco
tenho espinhas que inflamaram no rosto,baixo risco
estou com a fala enrolada e um lado do rosto adormecido,alto risco
estou com dor de dente no lado direito,baixo risco
ganhei cinco quilos em poucos dias e estou ficando sem ar,alto risco
tive cãibra na panturrilha durante a noite,baixo risco
meu marido está com dor no peito e muito pálido,alto risco
sinto um formigamento no pé quando cruzo as pernas por muito tempo,baixo risco
sinto como se tivesse um elefante sentado no meu peito,alto risco
estou resfriado com coriza e corpo um pouco mole,baixo risco
estou com taquicardia há horas e o remédio não fez efeito,alto risco
tenho o colesterol um pouco alto e quero orientações de dieta,baixo risco
a pressão está muito alta e estou vendo pontos brilhantes,alto risco
sinto a boca seca quando fico muito tempo no ar-condicionado,baixo risco
tive dor no peito no esforço e agora ela aparece até parado,alto risco
"meu nariz sangrou um pouco depois de assoar com força, e já parou",baixo risco
fico ofegante só de falar e os pés estão inchados,alto risco
tive uma pancada no braço e ficou roxo,baixo risco
senti uma pontada forte no peito e o braço ficou formigando,alto risco
estou com unha encravada,baixo risco
tive um desmaio depois de sentir o coração acelerar muito,alto risco
"sinto o coração acelerar quando tomo muito café, mas passa rápido",baixo risco
"estou com dor no estômago, suor frio e falta de ar",alto risco
tenho dor nas costelas depois de tossir muito com a gripe,baixo risco
sinto falta de ar em repouso e os lábios estão roxos,alto risco
"quero fazer um check-up de rotina, estou me sentindo bem",baixo risco
tenho dor no peito que irradia para o pescoço e as costas,alto risco
tive um leve enjoo no carro durante a viagem,baixo risco
o oxímetro marcou 85 e estou muito cansado,alto risco
estou com dor lombar depois de carregar a mudança,baixo risco
sinto uma dor forte no peito depois de usar cocaína,alto risco
sinto os olhos cansados depois de muito tempo no computador,baixo risco
tenho histórico de infarto e a dor voltou igual à da outra vez,alto risco
tenho caspa e coceira no couro cabeludo,baixo risco
"estou grávida, com dor de cabeça forte e as mãos inchadas",alto risco
estou com o tornozelo torcido mas consigo andar,baixo risco
minha mãe idosa ficou confusa e está respirando muito rápido,alto risco
"senti um pouco de falta de ar depois de correr cinco quilômetros, e logo normalizou",baixo risco
o coração bate tão forte que sinto no pescoço e fico tonto,alto risco
estou com a garganta inflamada e voz rouca,baixo risco
começou uma dor súbita no peito enquanto eu carregava peso,alto risco
tenho prisão de ventre há três dias,baixo risco
"estou sem ar e com chiado, e a bombinha não está ajudando",alto risco
sinto uma leve dor de cabeça quando fico sem comer,baixo risco
meu peito aperta e eu sinto que vou morrer,alto risco
tenho alergia a poeira e estou espirrando,baixo risco
"sinto náusea, dor nas costas e muito cansaço desde a manhã",alto risco
"meu pé inchou um pouco depois de um dia de calor, e desinchou com repouso",baixo risco
a frequência cardíaca está acima de 150 mesmo sentado,alto risco
tive uma picada de inseto que está coçando,baixo risco
tive uma perda de consciência rápida no banheiro,alto risco
estou com dor no cotovelo de jogar tênis,baixo risco
"minha panturrilha está quente, vermelha e muito dolorida",alto risco
"sinto uma pontada rápida no peito quando me espreguiço, que some na hora",baixo risco
acordo várias vezes à noite sem conseguir respirar,alto risco
tive uma queimadura leve no dedo cozinhando,baixo risco
dor no peito intensa que não melhora com o remédio sublingual,alto risco
estou com refluxo quando deito logo depois do jantar,baixo risco
sinto dormência na mão esquerda e aperto no tórax,alto risco
tenho a pele muito ressecada no inverno,baixo risco
meu marcapasso está apitando e estou com tontura,alto risco
sinto as mãos frias quando o dia está gelado,baixo risco
estou com febre alta e uma dor no peito que piora ao respirar,alto risco
estou com dor muscular generalizada depois da academia,baixo risco
senti o coração parar por alguns segundos e quase caí,alto risco
tenho sinusite e a testa dói um pouco,baixo risco
a dor no peito começou durante a discussão e não passou,alto risco
meu bebê está com assadura,baixo risco
tenho uma dor em aperto atrás do esterno que dura mais de quinze minutos,alto risco
sinto um leve desconforto no estômago pela manhã,baixo risco
"estou suando muito, pálido e com o peito pesado",alto risco
estou com uma tosse seca por causa do tempo seco,baixo risco
respiro com muita dificuldade e não consigo completar frases,alto risco
tive um corte pequeno no joelho ao cair de bicicleta,baixo risco
tive convulsão e agora meu coração está muito acelerado,alto risco
quero saber se posso voltar a fazer caminhada depois da gripe,baixo risco
a pressão caiu muito e estou quase desmaiando,alto risco
sinto dor nas pernas depois de um longo dia de caminhada turística,baixo risco
sinto muita dor no peito e meu pai morreu de infarto nessa idade,alto risco
estou um pouco ansioso com o trabalho e com dificuldade de relaxar,baixo risco
a falta de ar piorou muito em dois dias e agora durmo sentado,alto risco
tenho bolhas no pé por causa do sapato novo,baixo risco
"estou com o pulso irregular, tontura e dor no peito",alto risco
sinto o nariz escorrendo e os olhos lacrimejando,baixo risco
minha visão ficou dupla e a cabeça dói de forma insuportável,alto risco
tive um soluço que durou uns minutos,baixo risco
"sinto aperto no peito toda vez que ando um quarteirão, e hoje veio parado",alto risco
estou com dor de cabeça tensional no fim da tarde,baixo risco
tenho uma dor que começa no peito e vai até o queixo,alto risco
sinto uma dor leve no braço depois de tomar a vacina,baixo risco
depois da viagem de avião fiquei com dor no peito e falta de ar,alto risco
tenho manchas de sol no rosto,baixo risco
estou vomitando e com muita dor no meio do peito,alto risco
estou com gases e um pouco de inchaço na barriga depois do almoço,baixo risco
"sinto o coração acelerado, falta de ar e muito medo",alto risco
sinto câimbras nos pés quando nado,baixo risco
estou com inchaço no corpo todo e urinando muito pouco,alto risco
meu sono anda leve e acordo cansado algumas vezes,baixo risco
tive uma dor muito forte no peito que me fez cair no chão,alto risco
"tive palpitação por alguns segundos depois de um susto, e passou",baixo risco
tenho palpitação constante e já desmaiei uma vez esta semana,alto risco
tenho dor no quadril quando durmo de lado,baixo risco
acordei com o rosto paralisado de um lado,alto risco
estou com uma verruga na mão,baixo risco
a dor no peito vem junto com falta de ar e fraqueza nas pernas,alto risco
sinto ardência nos olhos com a fumaça,baixo risco
meu filho desmaiou jogando bola e ficou muito pálido,alto risco
tive dor de ouvido leve depois de um resfriado,baixo risco
sinto pressão no peito ao subir a ladeira e ela demora a passar,alto risco
estou com a voz fraca depois de um show,baixo risco
tenho insuficiência cardíaca e hoje estou muito mais sem ar que o normal,alto risco
"sinto as costas travadas ao acordar, mas melhora ao longo do dia",baixo risco
"o peito está queimando, estou com suor frio e o braço pesa",alto risco
"tenho um pouco de cansaço quando subo muitos andares de escada, igual a sempre",baixo risco
sinto uma dor cortante no peito ao respirar desde a cirurgia,alto risco
tive enxaqueca que melhorou com o remédio de sempre,baixo risco
o coração disparou do nada e não para há mais de uma hora,alto risco
estou com dor na mandíbula por ranger os dentes à noite,baixo risco
"estou com tontura forte, visão turva e fala arrastada",alto risco
sinto um leve aperto no estômago quando estou com fome,baixo risco
minha pressão está 20 por 12 e sinto dor no peito,alto risco
tive o dedo prensado na porta,baixo risco
sinto um desconforto no peito com sensação de desmaio,alto risco
estou com a pele vermelha depois de tomar sol,baixo risco
estou muito ofegante e meus lábios ficaram azulados,alto risco
sinto dor nos pés no fim do plantão,baixo risco
senti uma fisgada no peito e perdi as forças do lado esquerdo,alto risco
"tenho tosse com catarro claro há três dias, sem febre",baixo risco
a dor no peito vai e volta há duas horas e está cada vez mais forte,alto risco
estou com o lábio rachado,baixo risco
tossi espuma rosada e não consigo respirar deitado,alto risco
meu filho está com piolho,baixo risco
"tenho dor nas costas entre as escápulas, suor frio e falta de ar",alto risco
tive um mal-estar leve depois de beber na festa,baixo risco
"meu coração está muito lento, 38 batimentos, e me sinto tonto",alto risco
sinto dor na nuca por usar o celular olhando para baixo,baixo risco
após o exercício senti dor no peito e desmaiei,alto risco
estou com rinite por causa do mofo,baixo risco
estou com a barriga e as pernas inchadas e sem fôlego para nada,alto risco
tenho dor na sola do pé ao acordar,baixo risco
sinto palpitação e aperto no peito quando fico nervoso e hoje não passou,alto risco
tive uma dor de barriga que passou depois de ir ao banheiro,baixo risco
"tenho chiado no peito, febre e respiração muito rápida",alto risco
sinto o corpo cansado depois de voltar de viagem,baixo risco
"meu avô está com dor no peito, confuso e com a pele fria",alto risco
"estou com uma leve dor muscular no peito depois de carregar caixas, que piora ao apertar o local",baixo risco
