arquivo,classe,arquivo_origem,url_origem,sha256,largura,altura,bytes
arritmia_001.jpg,arritmia,HB(83).jpg,https://data.mendeley.com/public-files/datasets/gwbz3fsgp8/files/9edd394f-7ed4-4383-ac0c-bfdd6efb048e/file_downloaded,da123fecf00a357778b52d9b90ec6b9ed117246f4e6a978753a5f008e4a3bf99,1024,727,177183
arritmia_002.jpg,arritmia,HB(66).jpg,https://data.mendeley.com/public-files/datasets/gwbz3fsgp8/files/2eea7be1-53d3-4b60-9f3d-6133f83d7508/file_downloaded,113545f8dd2651ee13e0c1fc1ce5f005903cbc048d5390579c47fa36ebffd40a,1024,727,175975
arritmia_003.jpg,arritmia,HB(68).jpg,https://data.mendeley.com/public-files/datasets/gwbz3fsgp8/files/02ccbf8d-8541-443f-87b8-2557f6c8d7bd/file_downloaded,a336ff0e46d2209354814e0d53d69411f0a07ef04e245842297a80310af74b98,1024,727,175110
arritmia_004.jpg,arritmia,HB(111).jpg,https://data.mendeley.com/public-files/datasets/gwbz3fsgp8/files/aab6ce5d-d1f8-4255-9a52-baf13e016783/file_downloaded,4a305e331b4490fe4632b0b05ecf21a471d6220ea4e16e154a62e8f28a2ab5b5,1024,727,178747
arritmia_005.jpg,arritmia,HB(151).jpg,https://data.mendeley.com/public-files/datasets/gwbz3fsgp8/files/0ee70d00-6922-49ce-b537-b76cf00cc562/file_downloaded,20955429bd7ac9f0bef7509cd28d016e34d716d4820cdc09091501b3091048ba,1024,727,181209
arritmia_006.jpg,arritmia,HB(79).jpg,https://data.mendeley.com/public-files/datasets/gwbz3fsgp8/files/662a4149-5a77-45ff-9a99-0a3a54bc964d/file_downloaded,90c5b44496368e1c2b6262adb76fce844cb6d1d3674117279d31d95e2a1c2212,1024,727,179938
arritmia_007.jpg,arritmia,HB(106).jpg,https://data.mendeley.com/public-files/datasets/gwbz3fsgp8/files/22a53926-2b7a-4d83-8892-312dab4929c2/file_downloaded,93c45fc5f4cfa761e13956a08901bc438b635dad6200374c59f0483ee3bf7ff1,1024,727,187384
arritmia_008.jpg,arritmia,HB(75).jpg,https://data.mendeley.com/public-files/datasets/gwbz3fsgp8/files/14fc0b60-4aeb-4e09-bb6b-7db591b78246/file_downloaded,2761eb093e0fddc65d29c0fb5f5e8643e595c20947a5f22b80999c0384e45855,1024,727,177818
arritmia_009.jpg,arritmia,HB(171).jpg,https://data.mendeley.com/public-files/datasets/gwbz3fsgp8/files/7f773e6b-03ab-4ca5-8fa6-d69b03f1e8b7/file_downloaded,0ba9cde93287f922e1e000a80fe74d5991163a46bf05f9eec691591f16005763,1024,727,178943
arritmia_010.jpg,arritmia,HB(191).jpg,https://data.mendeley.com/public-files/datasets/gwbz3fsgp8/files/6116f7e6-61a7-479d-bb31-65af7e452433/file_downloaded,0e46e19e4f83f2401eaa9b904646c3d16137e0d37b9b72123285a9114845e400,1024,727,176682
arritmia_011.jpg,arritmia,HB(160).jpg,https://data.mendeley.com/public-files/datasets/gwbz3fsgp8/files/a76050f7-2d0a-40c1-a453-aea2407e00f9/file_downloaded,bcafcbd57ba642d98eaf3cefd6b4dbe5c6aa6dcbea5851849d53d112f00ff5ca,1024,727,184797
arritmia_012.jpg,arritmia,HB(113).jpg,https://data.mendeley.com/public-files/datasets/gwbz3fsgp8/files/c94285ce-a526-4460-9917-3782277e0caf/file_downloaded,5bce3af8e19e7be5f539066bc35a551501493747e7ec3ce806d3299cb3f1a864,1024,727,174587
arritmia_013.jpg,arritmia,HB(148).jpg,https://data.mendeley.com/public-files/datasets/gwbz3fsgp8/files/fe8df47f-f0f7-4b1f-b82c-e483eb1ee73d/file_downloaded,e87dc3a613407a3619ee11393d2c082badd0bef4ddf8543d1d97c406166f9bd2,1024,727,174497
arritmia_014.jpg,arritmia,HB(23).jpg,https://data.mendeley.com/public-files/datasets/gwbz3fsgp8/files/7a39995f-62ee-4092-a5d1-e248b0324da0/file_downloaded,9b1d6931fee7be3c62feb7d282bb12ed2ba9194c8b33b144a44ea19793c11f0f,1024,727,174988
arritmia_015.jpg,arritmia,HB(54).jpg,https://data.mendeley.com/public-files/datasets/gwbz3fsgp8/files/32df5c6c-1a82-41b3-8295-e011991c45da/file_downloaded,93ad6bbae2aefb3096cdbc17f5786e73b781d2fc73d506189a381649bdf3f675,1024,727,167775
arritmia_016.jpg,arritmia,HB(91).jpg,https://data.mendeley.com/public-files/datasets/gwbz3fsgp8/files/e7a669f0-a7bb-4978-b188-0e93792ea4ed/file_downloaded,80a847d485d7874967d46fd0308061fc8e849e90291cef275f279b8c1672b2bd,1024,727,175894
arritmia_017.jpg,arritmia,HB(88).jpg,https://data.mendeley.com/public-files/datasets/gwbz3fsgp8/files/0ff74097-e84f-427e-9070-cdf793473dcd/file_downloaded,f10d53134d59a6fd9309b5464297018201e70fa0351796f590c38076a94ecfd0,1024,727,175481
arritmia_018.jpg,arritmia,HB(4).jpg,https://data.mendeley.com/public-files/datasets/gwbz3fsgp8/files/51fe1050-c357-46ae-ad2d-067e8818c302/file_downloaded,ea523aad54f87105812e40c166f28450bf1dfe79a3af8670d6d07264a6a055e3,1024,727,177222
arritmia_019.jpg,arritmia,HB(213).jpg,https://data.mendeley.com/public-files/datasets/gwbz3fsgp8/files/4893c48f-4714-4992-8a7d-b9d8caefdc74/file_downloaded,4bb177c6da6b54ee125b4301e1d0b6f62234521ed1b429fd24339534919e9424,1024,727,174443
arritmia_020.jpg,arritmia,HB(190).jpg,https://data.mendeley.com/public-files/datasets/gwbz3fsgp8/files/4ea4084c-7fb1-4536-9aa6-ae5a425baed8/file_downloaded,d2fcc328a1bec1c8e825d526370ed68e050f57defb585b7541d0245d84778d06,1024,727,180588
arritmia_021.jpg,arritmia,HB(37).jpg,https://data.mendeley.com/public-files/datasets/gwbz3fsgp8/files/83d85fec-d114-4494-8d35-5704fec10fbd/file_downloaded,a3af9d8a4dd773ea0ccccebe16bf3115320ba4d7d97c7c8bc5645b077afbdc7f,1024,727,178502
arritmia_022.jpg,arritmia,HB(204).jpg,https://data.mendeley.com/public-files/datasets/gwbz3fsgp8/files/0a248217-d0de-4c05-b86e-ff98ffc2a42d/file_downloaded,232dd4f23debd879345311a6251f1593f40e430af1ed476a46568fc5008caa0c,1024,727,175297
arritmia_023.jpg,arritmia,HB(131).jpg,https://data.mendeley.com/public-files/datasets/gwbz3fsgp8/files/975055fb-b7cb-449c-a487-beef06ad9a4e/file_downloaded,e116b31b25093ff0bc3628889c6356cfedd6cbf02cb04048ef95865a2237c87c,1024,727,186909
arritmia_024.jpg,arritmia,HB(16).jpg,https://data.mendeley.com/public-files/datasets/gwbz3fsgp8/files/ada6b321-c9cd-4686-8353-620b79c19eb1/file_downloaded,9f789eb66f865982fdeefeb379d0d216fe23f46c238d07b46369bf12067286d7,1024,727,179826
arritmia_025.jpg,arritmia,HB(130).jpg,https://data.mendeley.com/public-files/datasets/gwbz3fsgp8/files/cd853159-d22f-4827-a692-bbd60dae8e3f/file_downloaded,a780c1a65cf8f78b295be3efced55350038263acf57eb2aabbcc87e5e4383308,1024,727,179787
arritmia_026.jpg,arritmia,HB(156).jpg,https://data.mendeley.com/public-files/datasets/gwbz3fsgp8/files/82c91e91-1184-491a-8b82-c8b55db989f5/file_downloaded,251a5ca202a7b23a5a57f81808f08926da5e9c63bacd9b48fd651972652f7cec,1024,727,177052
arritmia_027.jpg,arritmia,HB(60).jpg,https://data.mendeley.com/public-files/datasets/gwbz3fsgp8/files/5d0c4c63-0939-44bd-a67f-a20743521621/file_downloaded,a7b3fc9a86c7d7babe8671287cc382276f49ac07afaa930b81467648a1a1bffd,1024,727,164537
arritmia_028.jpg,arritmia,HB(228).jpg,https://data.mendeley.com/public-files/datasets/gwbz3fsgp8/files/e970afa2-f9d1-40d3-933d-85e66cff9c64/file_downloaded,7f5a9abe509c654ccb403ce19ea0920a6be89b72b41b5414d71ede0fed681506,1024,727,179478
arritmia_029.jpg,arritmia,HB(222).jpg,https://data.mendeley.com/public-files/datasets/gwbz3fsgp8/files/1d57588b-29b8-4231-8031-0109af7a9ba5/file_downloaded,f2318a6ef4b15e9a2c2da680da7df28cee5b4efbbc8b81be22702f70b72b2c80,1024,727,174589
arritmia_030.jpg,arritmia,HB(78).jpg,https://data.mendeley.com/public-files/datasets/gwbz3fsgp8/files/b16a43eb-f09b-4713-a327-9aded612ca96/file_downloaded,1280763fd9e1fc6c9fd398d6cd1c48a0b0964d5d7a07670cd51ed4f167af495b,1024,727,176710
historico_infarto_001.jpg,historico_infarto,PMI(103).jpg,https://data.mendeley.com/public-files/datasets/gwbz3fsgp8/files/30bfe1cc-0823-49c9-a081-57d814de544e/file_downloaded,86a67edbbe1772c6a4041f85995c976d6bf7c0eacc41047e33121b6808003e54,1024,727,164523
historico_infarto_002.jpg,historico_infarto,PMI(8).jpg,https://data.mendeley.com/public-files/datasets/gwbz3fsgp8/files/30433872-0975-4187-9cb7-78acedc1bb5b/file_downloaded,0c8461cb473a056724066d37cccbc7cc1f105d210e80ab4ab844071a324015f7,1024,727,170475
historico_infarto_003.jpg,historico_infarto,PMI(125).jpg,https://data.mendeley.com/public-files/datasets/gwbz3fsgp8/files/57eb6fca-dba2-4c42-9173-d1b55570f39a/file_downloaded,8ad312194d12b2f5e3a1ddb6ca84eba8d941afa439a2f93b203f9a4a7257d9a6,1024,727,173625
historico_infarto_004.jpg,historico_infarto,PMI(132).jpg,https://data.mendeley.com/public-files/datasets/gwbz3fsgp8/files/62b1cd5e-10e8-43a3-8e24-4cf53afda99b/file_downloaded,80140517972b4d17ee307aa616a3f533bf9a51aeb51ecb48675824f520c3b3b6,1024,727,171923
historico_infarto_005.jpg,historico_infarto,PMI(108).jpg,https://data.mendeley.com/public-files/datasets/gwbz3fsgp8/files/b0233e49-f70e-4078-8d4a-fbf2f275e902/file_downloaded,445d583b84a5c32101023083d3cfba2228a759446fd9af49394d0ff741d7838a,1024,727,168206
historico_infarto_006.jpg,historico_infarto,PMI(7).jpg,https://data.mendeley.com/public-files/datasets/gwbz3fsgp8/files/d47b91c7-7d84-464d-9ec9-d9303a57c01b/file_downloaded,700ecf5aca95df787849262c8e60d1a4481b3be641ce7719c3dd97995b5b382f,1024,727,172966
historico_infarto_007.jpg,historico_infarto,PMI(11).jpg,https://data.mendeley.com/public-files/datasets/gwbz3fsgp8/files/31d1da70-1c32-4877-956c-34176668190b/file_downloaded,ffab366090baa10ce9a07ab37832c4758e815a91d5415686b87f50d6a8f8be33,1024,727,171728
historico_infarto_008.jpg,historico_infarto,PMI(143).jpg,https://data.mendeley.com/public-files/datasets/gwbz3fsgp8/files/aa3702ea-5bd7-4346-a080-94421ad8b788/file_downloaded,e92c5ed8bed9410af4386f0c9a5f24a349e1c4e069e76821fd7a850bed8a9cbc,1024,727,173337
historico_infarto_009.jpg,historico_infarto,PMI(130).jpg,https://data.mendeley.com/public-files/datasets/gwbz3fsgp8/files/872bbb88-3573-4083-92f1-cc8b5175abc6/file_downloaded,6df507b63407db947b56b7e8f09771c3dbd0a9969ec20b23a45e61e8b6581bb0,1024,727,170639
historico_infarto_010.jpg,historico_infarto,PMI(153).jpg,https://data.mendeley.com/public-files/datasets/gwbz3fsgp8/files/249f04ca-af22-4a98-af45-2c65a6b8abf9/file_downloaded,b0409797aa94a1bd58bb1df9405a42a921ebd3e3948a7836791cf72468ccaa2a,1024,727,177905
historico_infarto_011.jpg,historico_infarto,PMI(141).jpg,https://data.mendeley.com/public-files/datasets/gwbz3fsgp8/files/0a7a1f74-ac5b-499a-a67c-031fc40004de/file_downloaded,d96bf4c74748a03aed23471c489898f5c0870c6c4fd44b0a3f18dd486018976a,1024,727,173608
historico_infarto_012.jpg,historico_infarto,PMI(117).jpg,https://data.mendeley.com/public-files/datasets/gwbz3fsgp8/files/af0ce8fd-8f42-4668-8ae1-18ef0bbbc82a/file_downloaded,75413e296a783e8a3970242feb58c72cdb37407c400bf1e2fde4a3b5777d5d14,1024,727,174679
historico_infarto_013.jpg,historico_infarto,PMI(142).jpg,https://data.mendeley.com/public-files/datasets/gwbz3fsgp8/files/8755bd45-f059-4337-b3e5-680d7cc28751/file_downloaded,d1b54d81a5056e18b9b46961b9463d07c49318201ca67d669aacbe8a1c746cbb,1024,727,173426
historico_infarto_014.jpg,historico_infarto,PMI(140).jpg,https://data.mendeley.com/public-files/datasets/gwbz3fsgp8/files/1cc3735f-16cc-458b-9b6c-2ec736b95d03/file_downloaded,2c9fd0611f789fd576d9e078f225ed5e5b1a3024f06a2690adf3855f2e3578c5,1024,727,170686
historico_infarto_015.jpg,historico_infarto,PMI(122).jpg,https://data.mendeley.com/public-files/datasets/gwbz3fsgp8/files/ff634236-9e5b-4f7a-89dc-8885d46e7d05/file_downloaded,9609f54d75ff9c8b27bdc8f88985be6db1a86c5314771e90006741ab72e4442e,1024,727,169659
historico_infarto_016.jpg,historico_infarto,PMI(13).jpg,https://data.mendeley.com/public-files/datasets/gwbz3fsgp8/files/778e9f14-5aca-4552-a461-46859b31c418/file_downloaded,94c1b88b60c1408458b2f9576781eb2e375ebaf80a81e4097663fbe40717234f,1024,727,168640
historico_infarto_017.jpg,historico_infarto,PMI(107).jpg,https://data.mendeley.com/public-files/datasets/gwbz3fsgp8/files/af492157-db4f-4651-9e6c-a6612218c21b/file_downloaded,2d69186ba41607a1aee5fbe879f88064b24e5a8793e93afe8a8c07966792926b,1024,727,173832
historico_infarto_018.jpg,historico_infarto,PMI(118).jpg,https://data.mendeley.com/public-files/datasets/gwbz3fsgp8/files/6cc20629-9c97-4f27-a0f9-21b23deacd3f/file_downloaded,4eb0319f2f84be6aeed2dd3a33c13b896e28d12b3dbd11a0b88b068135310fe6,1024,727,182111
historico_infarto_019.jpg,historico_infarto,PMI(127).jpg,https://data.mendeley.com/public-files/datasets/gwbz3fsgp8/files/8bad6976-9c01-4d6b-b325-06161fb608e4/file_downloaded,4e7cd62449e5b14cc379010973316d9745b3c5ca212cbffe44a722ec1bc9f421,1024,727,171594
historico_infarto_020.jpg,historico_infarto,PMI(169).jpg,https://data.mendeley.com/public-files/datasets/gwbz3fsgp8/files/1b663e49-7462-4f48-a489-202d8403cce4/file_downloaded,038074814498df2b88e96e69f6eb3a5fcb1d30a6672fc2d806a3b13c51a2404b,1024,727,168754
historico_infarto_021.jpg,historico_infarto,PMI(154).jpg,https://data.mendeley.com/public-files/datasets/gwbz3fsgp8/files/3ed0fe48-9bdb-4a83-9b64-8517a9a290be/file_downloaded,06458f8c8cbc414836980c395a7bb17bcefb9a97c32b2eedf6ef99c5ba1b2597,1024,727,175504
historico_infarto_022.jpg,historico_infarto,PMI(2).jpg,https://data.mendeley.com/public-files/datasets/gwbz3fsgp8/files/f8d1a359-8695-4cc2-be34-d0d905609bd0/file_downloaded,c831302adbf5754aa8a10e74573882509600a8629192d67846bdd7a3c3c944db,1024,727,171867
historico_infarto_023.jpg,historico_infarto,PMI(165).jpg,https://data.mendeley.com/public-files/datasets/gwbz3fsgp8/files/191113e3-b7e8-4dde-aac8-7b21217336a8/file_downloaded,2df3ed7545094e6f449d5959d75e5d0cbbfe2e2619b7fdcdc9c34127dafb3f7b,1024,727,174156
historico_infarto_024.jpg,historico_infarto,PMI(160).jpg,https://data.mendeley.com/public-files/datasets/gwbz3fsgp8/files/c0f7f781-0864-4c90-8761-83651abdafc9/file_downloaded,e8435de265a0ecebb6b11bd22dbecbf116f2b49d9ffebea09d94b49032e98ca6,1024,727,174102
historico_infarto_025.jpg,historico_infarto,PMI(135).jpg,https://data.mendeley.com/public-files/datasets/gwbz3fsgp8/files/d21555e8-3641-4628-8955-dab0065aad77/file_downloaded,cb107c4f4f69dc20b41c6a3cce0f7afc61e98e5dc9ba5fa9e5784d9bcfe97ebf,1024,727,167559
historico_infarto_026.jpg,historico_infarto,PMI(139).jpg,https://data.mendeley.com/public-files/datasets/gwbz3fsgp8/files/15da7630-11c5-484c-94dd-1ba6216445b2/file_downloaded,5ac00ff61a82b5ad7be28fc788e4905a4b1318a6758feb20dc8d5a7a8e51b05e,1024,727,171249
historico_infarto_027.jpg,historico_infarto,PMI(172).jpg,https://data.mendeley.com/public-files/datasets/gwbz3fsgp8/files/4da8db8d-bd25-4850-b854-eaca0e8c21ab/file_downloaded,24c66bb05ff1b7284da83dd289789837e6be26525efbd19bc43fcb7ebe873a9e,1024,727,172010
historico_infarto_028.jpg,historico_infarto,PMI(111).jpg,https://data.mendeley.com/public-files/datasets/gwbz3fsgp8/files/83c0ae23-f79e-44f7-9f8e-10f6f8433a3d/file_downloaded,0b7b15e09324de3ebd1a235e9ca07cc2a3552d6a1a231c8ea93b4ca4f7e61bba,1024,727,170944
historico_infarto_029.jpg,historico_infarto,PMI(138).jpg,https://data.mendeley.com/public-files/datasets/gwbz3fsgp8/files/7f9f766f-7cd9-413c-8c87-bb17bcace1a6/file_downloaded,f0af443a9357f1a121250c881e60204ea2941ada5e746acb1b344f60cce5b308,1024,727,169585
historico_infarto_030.jpg,historico_infarto,PMI(161).jpg,https://data.mendeley.com/public-files/datasets/gwbz3fsgp8/files/c9ba8b95-215a-42b3-a6a9-40b2d8f3d2fd/file_downloaded,be9df1a2ea0fd189ba8eaae07a7c53190a3166fd53237d09ac6a7d4ea17f45d0,1024,727,173083
infarto_001.jpg,infarto,MI(125).jpg,https://data.mendeley.com/public-files/datasets/gwbz3fsgp8/files/ec6e52ff-2cb2-4738-9240-98d88c394331/file_downloaded,c52a4f45283af4241577e9ad1a552d3edd68c7e169ba5edb1572be8b76379e27,1024,727,167745
infarto_002.jpg,infarto,MI(104).jpg,https://data.mendeley.com/public-files/datasets/gwbz3fsgp8/files/3762bd4a-f0d6-4e58-b1d3-1642d74ced3f/file_downloaded,32c6462637e3c640bff5fe091398f7cd0c7bf9fc138c27a9d8f9d82dbab80e30,1024,727,174756
infarto_003.jpg,infarto,MI(122).jpg,https://data.mendeley.com/public-files/datasets/gwbz3fsgp8/files/4014d321-b089-4261-b97a-396aba3da82d/file_downloaded,f8a33b21545dfbd7e197cfdf92bbac688bf7b7f1b89e232d837c25007df35c9a,1024,727,164207
infarto_004.jpg,infarto,MI(112).jpg,https://data.mendeley.com/public-files/datasets/gwbz3fsgp8/files/16fd2d5f-24e8-4b19-a407-678b09ba1f8b/file_downloaded,2e1097c52f8c994fc1c343f96a871e56d706aa246b4772e1ce333f1ebcae9eef,1024,727,175482
infarto_005.jpg,infarto,MI(109).jpg,https://data.mendeley.com/public-files/datasets/gwbz3fsgp8/files/ef88f3f3-661e-4581-b8a6-d20b6a88789b/file_downloaded,55a442289f7cd2cbae8e3e1c695a1ffbb57024872c9a37305ce4a582ae73294a,1024,727,169394
infarto_006.jpg,infarto,MI(107).jpg,https://data.mendeley.com/public-files/datasets/gwbz3fsgp8/files/96abed69-fe64-497c-8f2e-9001c57c2c99/file_downloaded,b1c77726e2808d2608493b60e1a3a823fe14d237ba26b9f802a41feb27b385f8,1024,727,173639
infarto_007.jpg,infarto,MI(103).jpg,https://data.mendeley.com/public-files/datasets/gwbz3fsgp8/files/7aac95c0-5f10-4b6e-b3d9-5296f3d5cc9c/file_downloaded,68918e880875cd024d16c7274789660d6cab36837bb12126507ccd6f1f3e4baa,1024,727,171167
infarto_008.jpg,infarto,MI(105).jpg,https://data.mendeley.com/public-files/datasets/gwbz3fsgp8/files/4d6aa2e8-0272-4483-8adf-80977d2abdde/file_downloaded,b0ddae2f047ebf1d6ddaae1ce5ca6fee3ec2bcecd0e48589b45e2ae22e8eedd3,1024,727,175589
infarto_009.jpg,infarto,MI(129).jpg,https://data.mendeley.com/public-files/datasets/gwbz3fsgp8/files/93484b1d-59ff-42bf-9c17-4e4c84c7703b/file_downloaded,2068c5d6101ede345f44a2285b141f8bd540966ab0e2452a93df13640442344f,1024,727,175354
infarto_010.jpg,infarto,MI(102).jpg,https://data.mendeley.com/public-files/datasets/gwbz3fsgp8/files/e3a46cf7-5cf4-4061-89b5-7571bbe15fb2/file_downloaded,9b7e68162cae499df9b69b9e6704235938edf49399a76d135e499846451f720f,1024,727,173424
infarto_011.jpg,infarto,MI(101).jpg,https://data.mendeley.com/public-files/datasets/gwbz3fsgp8/files/bfcaed51-43da-4896-b97a-9eb52be92342/file_downloaded,b5a2e4da897bf277c260765eb70faef1d24d17163581d257b83addd43605273b,1024,727,170890
infarto_012.jpg,infarto,MI(111).jpg,https://data.mendeley.com/public-files/datasets/gwbz3fsgp8/files/d82a3d14-31ad-4dd4-87c6-a05f1767c558/file_downloaded,468357c642da1012f3ed635f4d9659ba0222b3efe6799b4d2428a6b25c422d28,1024,727,173700
infarto_013.jpg,infarto,MI(119).jpg,https://data.mendeley.com/public-files/datasets/gwbz3fsgp8/files/a0279ea9-a121-4ed1-a0fe-7cb6734e60d0/file_downloaded,90f4a662b9007d28a415e7fbe25dc95dd3ce2c1b1a1fb9918b0399f010b4f972,1024,727,169143
infarto_014.jpg,infarto,MI(110).jpg,https://data.mendeley.com/public-files/datasets/gwbz3fsgp8/files/fca0f95b-a4af-4d40-8d88-04760948ed5c/file_downloaded,2e268633aff521286747e2177561f201535cd5ad226f86a596feef70265bc628,1024,727,174194
infarto_015.jpg,infarto,MI(115).jpg,https://data.mendeley.com/public-files/datasets/gwbz3fsgp8/files/702fcf95-4756-42d3-b0f4-65d0e05fc268/file_downloaded,77cebd0cd76e223329fe37283557d8de2c2d1aa41df4800023aa1bec9dbb287f,1024,727,167639
infarto_016.jpg,infarto,MI(108).jpg,https://data.mendeley.com/public-files/datasets/gwbz3fsgp8/files/8c631740-a6c2-4d8c-982c-34ae8c21fea1/file_downloaded,bc9af7e22e5ed01b570cbb170f7e0560cc488a62d094c3ccd654bb3f08e642cb,1024,727,172309
infarto_017.jpg,infarto,MI(123).jpg,https://data.mendeley.com/public-files/datasets/gwbz3fsgp8/files/e1eacdf7-fb12-4930-9b4c-3d098d0bed1a/file_downloaded,71c4f2001c00a5ddb088c6d0977d3ef18e6761a9d17523624f45caf7c5368409,1024,727,169259
infarto_018.jpg,infarto,MI(117).jpg,https://data.mendeley.com/public-files/datasets/gwbz3fsgp8/files/00a3421c-2b90-47cf-a1dc-b761e04dbe8d/file_downloaded,e04dea0989e1c8a60c2d1b4ddbe05eb50b4d89cc4b09d0f39afbd23785419147,1024,727,173910
infarto_019.jpg,infarto,MI(1).jpg,https://data.mendeley.com/public-files/datasets/gwbz3fsgp8/files/370105dc-aea0-46fa-a7b9-363ff736593b/file_downloaded,cf15be888766e956f6b2a2cd1df89b94a3dce3892a53c4304ad8cc5e893f540c,1024,727,173559
infarto_020.jpg,infarto,MI(106).jpg,https://data.mendeley.com/public-files/datasets/gwbz3fsgp8/files/69afa125-2ed9-4d84-baf0-cce90b409db3/file_downloaded,e54b9a2a36b3dc46ce3d110d7a6b6f58115ef8123bd9ecaab3cc7b7704d7b65a,1024,727,172513
infarto_021.jpg,infarto,MI(124).jpg,https://data.mendeley.com/public-files/datasets/gwbz3fsgp8/files/b028bd96-bc4b-4b82-a5a2-fd736af92677/file_downloaded,cd6140cec483b5708e0ec98942a640c8aca211d6b1aef7917d6967e67c803d91,1024,727,169125
infarto_022.jpg,infarto,MI(10).jpg,https://data.mendeley.com/public-files/datasets/gwbz3fsgp8/files/fd42c560-e823-40c7-86c9-3c055a89a61b/file_downloaded,5a0a2a4a457abc3b9e9d478e385ad438b52e81b8f681d55aa2022742e7d95554,1024,727,168506
infarto_023.jpg,infarto,MI(127).jpg,https://data.mendeley.com/public-files/datasets/gwbz3fsgp8/files/b347b192-f629-4c22-82e7-cdd4cef3a9d6/file_downloaded,e00cec7fa7fa372c6f27fbb98843e0d062b8eef21e0debd8095c0068efdff9a5,1024,727,173578
infarto_024.jpg,infarto,MI(114).jpg,https://data.mendeley.com/public-files/datasets/gwbz3fsgp8/files/6ac8ed14-d05d-4798-8bca-89817e7bc350/file_downloaded,6d539e2812195a14a10b99dd389ca4b2379ad89a17de788cba7d262a8fd34aee,1024,727,187725
infarto_025.jpg,infarto,MI(126).jpg,https://data.mendeley.com/public-files/datasets/gwbz3fsgp8/files/5238c2a3-02c5-4e3b-aaf1-1a47f350e6e5/file_downloaded,84440bb13e0aae5b3842ba38624cd1d9781de0177474009c987822f9eed787a3,1024,727,160811
infarto_026.jpg,infarto,MI(118).jpg,https://data.mendeley.com/public-files/datasets/gwbz3fsgp8/files/a648b029-1ee2-4afa-b90a-c1ccf2162c0a/file_downloaded,f441f1ccb8371ececb763e617e31783d190e326d07fe400e5065337379ed90d9,1024,727,177690
infarto_027.jpg,infarto,MI(128).jpg,https://data.mendeley.com/public-files/datasets/gwbz3fsgp8/files/b416d0fe-a1bb-4140-b65e-20b1db65ec52/file_downloaded,81d733b126af8f179709d7383a8732fe50380b6e088c6b24c8db4b7031cb33dc,1024,727,175784
infarto_028.jpg,infarto,MI(116).jpg,https://data.mendeley.com/public-files/datasets/gwbz3fsgp8/files/dc0dc4b5-7bc9-4540-8be2-10cff80299a4/file_downloaded,786772ef6065810bc190fdf143505653cc6cb63b373e5d5427a644f38c4a33bc,1024,727,173835
infarto_029.jpg,infarto,MI(120).jpg,https://data.mendeley.com/public-files/datasets/gwbz3fsgp8/files/62417cc0-ece9-45f8-842e-4ecc1272b89d/file_downloaded,1753a3dcc5b5edd1c8905d22be0042ae38739d8f60b24d8d8a334a247627eeaa,1024,727,172639
infarto_030.jpg,infarto,MI(113).jpg,https://data.mendeley.com/public-files/datasets/gwbz3fsgp8/files/429c098d-b8c3-4883-885b-4bea9b894012/file_downloaded,05a1ab8f112df7c1397088f8a850afa04f5f19f47af7c156aa9f96898b188e6d,1024,727,174002
normal_001.jpg,normal,Normal(124).jpg,https://data.mendeley.com/public-files/datasets/gwbz3fsgp8/files/5d09e7f2-5e0f-4553-b251-2aed0c3b32a3/file_downloaded,1286ba4c17796be1cfe95bbc2adfce5415ef76012c0548700f3e07e08b2a558b,1024,727,173577
normal_002.jpg,normal,Normal(104).jpg,https://data.mendeley.com/public-files/datasets/gwbz3fsgp8/files/4292377e-37e9-478a-abc1-45bc8502cb76/file_downloaded,af619618ef3d03758a3737132f26c5c6bfab672f51fcd963c3a84ca6ca87f937,1024,727,169208
normal_003.jpg,normal,Normal(170).jpg,https://data.mendeley.com/public-files/datasets/gwbz3fsgp8/files/3ed07f6f-5d75-416c-8272-ba58cfe7516e/file_downloaded,212b8ff74da73671de19c770c7fea338966b40526837ab5470946d4575af1941,1024,727,173287
normal_004.jpg,normal,Normal(162).jpg,https://data.mendeley.com/public-files/datasets/gwbz3fsgp8/files/57706d1b-151d-4cd8-9d5a-f35a0d18e745/file_downloaded,3e06078f626c4414a0538f0b8bdce84e701b414a631c9e465660d7832272f454,1024,727,158255
normal_005.jpg,normal,Normal(151).jpg,https://data.mendeley.com/public-files/datasets/gwbz3fsgp8/files/e6c9b737-e079-4870-93fd-0c2fd6da4d42/file_downloaded,9a62f43abe4dac891543ce88a794c0473194722541d5c119b8fba0730491d2b7,1024,727,170130
normal_006.jpg,normal,Normal(130).jpg,https://data.mendeley.com/public-files/datasets/gwbz3fsgp8/files/c35a8c17-ede3-4dbc-8ab9-23b10bb2c659/file_downloaded,086449a3e1c0ea580995d049e51a4dfb7f690cf4cf1a9d28362c846291397040,1024,727,172171
normal_007.jpg,normal,Normal(122).jpg,https://data.mendeley.com/public-files/datasets/gwbz3fsgp8/files/e44c4d03-0c8b-4c2b-9baa-5b22c2efdc2f/file_downloaded,93386c0dd0e6f7fc9bb04cbc59557b04eaeef4acc2cbaf8b4486d93111bb9a87,1024,727,172650
normal_008.jpg,normal,Normal(119).jpg,https://data.mendeley.com/public-files/datasets/gwbz3fsgp8/files/5f2ef0f9-4ec7-4649-8d19-8965cc2ba9e3/file_downloaded,c479ccbb42e055db6d04fd9509094ee08985e66f7a2e088e26b64dc2b37cb9d8,1024,727,171372
normal_009.jpg,normal,Normal(208).jpg,https://data.mendeley.com/public-files/datasets/gwbz3fsgp8/files/ee85dfb4-ddbe-4e24-9aee-907526bcec41/file_downloaded,6dfefef168a9892b28735b4195b0e534074d01c9fb17ba5ff3f18728d98e121f,1024,727,169917
normal_010.jpg,normal,Normal(106).jpg,https://data.mendeley.com/public-files/datasets/gwbz3fsgp8/files/04f74a2a-e4c3-40f8-b4af-5d058b0c2372/file_downloaded,3f8cbe3cd8675e9edc7a0adcb61f8098d307a3671f7d4d0e823d8a2b59138d41,1024,727,170343
normal_011.jpg,normal,Normal(105).jpg,https://data.mendeley.com/public-files/datasets/gwbz3fsgp8/files/0c1f5704-9aef-45a0-bfec-20734ad37a71/file_downloaded,901179511bb8e1c431dbd7d44448b0d6c4a9f920e5407e741cc43927415ac359,1024,727,173620
normal_012.jpg,normal,Normal(12).jpg,https://data.mendeley.com/public-files/datasets/gwbz3fsgp8/files/68c9001c-d8a6-411c-b618-e6ba2cb3e083/file_downloaded,88f3a609a1b416ae34fa29c4044ef3627c8ec6dd1ae5997a8000717da623ede0,1024,727,170384
normal_013.jpg,normal,Normal(15).jpg,https://data.mendeley.com/public-files/datasets/gwbz3fsgp8/files/e1dc8545-1cf1-43ec-be09-a0c846ed17d0/file_downloaded,85e9021938f00df6c81369036e32eeb75629a0c97d783296a335712a5f2e314d,1024,727,169888
normal_014.jpg,normal,Normal(159).jpg,https://data.mendeley.com/public-files/datasets/gwbz3fsgp8/files/0469dba3-847e-4d8b-86fb-2003096f04df/file_downloaded,9b6520f47c347d61e022240504d655994825edcf375898a6a986de71a421b1ea,1024,727,172286
normal_015.jpg,normal,Normal(240).jpg,https://data.mendeley.com/public-files/datasets/gwbz3fsgp8/files/30253d6c-e88e-462d-8ebd-8aba3bf749ec/file_downloaded,90b3bd799919895c190386e315f926e6466d8ccfec0dc5521cecbed7626a5031,1024,727,172329
normal_016.jpg,normal,Normal(171).jpg,https://data.mendeley.com/public-files/datasets/gwbz3fsgp8/files/a2a03522-1dae-4fef-813c-2a0bc201551c/file_downloaded,0e9f6380ffb02bb60674727e02aa2de4b2ebeaea1c488356b3c8759fc2ff49a6,1024,727,172878
normal_017.jpg,normal,Normal(121).jpg,https://data.mendeley.com/public-files/datasets/gwbz3fsgp8/files/34bfa471-cdce-4785-912b-5433c900c55c/file_downloaded,b00188ce722ef1a91e8cfb8c09aab96312f8ce1231a5c8c049038d43fbbfc647,1024,727,170859
normal_018.jpg,normal,Normal(191).jpg,https://data.mendeley.com/public-files/datasets/gwbz3fsgp8/files/662ef202-1ff7-4ad9-90e3-89206c8c6c1b/file_downloaded,0976e073c36de386ac222c3de3e5db390f5a862e0d12e885db6a7f633cc6a388,1024,727,160507
normal_019.jpg,normal,Normal(183).jpg,https://data.mendeley.com/public-files/datasets/gwbz3fsgp8/files/ca1d1701-7064-4970-810a-9aeb2418a22f/file_downloaded,c0e4585e34f1a3d21afb9baaded6f0f4539782fa7ef5e5282902ad2d3b692558,1024,727,158793
normal_020.jpg,normal,Normal(189).jpg,https://data.mendeley.com/public-files/datasets/gwbz3fsgp8/files/7467ea73-c696-4956-b706-c38c8e4db908/file_downloaded,3d78c12a963c242f88ad02fe156768424b6280fa85d04bbbcba0c80b1f1e6cf9,1024,727,160397
normal_021.jpg,normal,Normal(169).jpg,https://data.mendeley.com/public-files/datasets/gwbz3fsgp8/files/674e8b5b-7959-4485-9470-1161f595df13/file_downloaded,bf83d6437c600421ea83742680b90b61f7a77a3ea8ba56d9a45d77063a893327,1024,727,172104
normal_022.jpg,normal,Normal(148).jpg,https://data.mendeley.com/public-files/datasets/gwbz3fsgp8/files/40946014-233f-46a4-9f2b-bf5e366e0456/file_downloaded,273f3e8a91bfaf67f66f3b1df9c4bc93dde466e1f18c1d57536b15e47df5fa59,1024,727,170860
normal_023.jpg,normal,Normal(241).jpg,https://data.mendeley.com/public-files/datasets/gwbz3fsgp8/files/6fdf9816-9cb8-441c-86d4-1b9d66c3ab6c/file_downloaded,10929504421e286533e8647056bfc5e1b809fc870257f079d25618c9ccf0c434,1024,727,173599
normal_024.jpg,normal,Normal(237).jpg,https://data.mendeley.com/public-files/datasets/gwbz3fsgp8/files/cbeb3b99-2129-47ee-8556-ccc3f859b640/file_downloaded,02c0ef3804016b693419e58b97cc837dfc27ffef25dcbe91873aa75d369744a4,1024,727,171048
normal_025.jpg,normal,Normal(175).jpg,https://data.mendeley.com/public-files/datasets/gwbz3fsgp8/files/7bec592e-cd66-41ee-b806-03ba2a763f47/file_downloaded,5482a9892d11d58f11bbf4759e52783a038069f3ae3cd5f874fc633166cadcf5,1024,727,172750
normal_026.jpg,normal,Normal(236).jpg,https://data.mendeley.com/public-files/datasets/gwbz3fsgp8/files/f1f7b75a-f51e-4f14-a964-d80e10579e78/file_downloaded,7cb0d977f076e853e6f9a7f61a4b3fd591c98508a4feb9cb751dc689e81e31a9,1024,727,173122
normal_027.jpg,normal,Normal(203).jpg,https://data.mendeley.com/public-files/datasets/gwbz3fsgp8/files/c8280bdc-0ae0-40f7-8ff5-0a82af536ddb/file_downloaded,8de8100b4f5a9ddfa00c87f4a44bf872b082589f9b3327636fd953fef7622b58,1024,727,173155
normal_028.jpg,normal,Normal(211).jpg,https://data.mendeley.com/public-files/datasets/gwbz3fsgp8/files/e20a15d6-827c-4873-9bf0-3a6e94a58d75/file_downloaded,5ddcf81b784ac607f25b5db6a2387392db52c8e779f5191cf6c852da11297ed9,1024,727,169317
normal_029.jpg,normal,Normal(1).jpg,https://data.mendeley.com/public-files/datasets/gwbz3fsgp8/files/4367f2d2-a4f0-41f2-be9d-e35fc59d6f5f/file_downloaded,a7bb69d60029ada1d63201995a945239f4bd491afedbf8aff7dee88fdf730d88,1024,727,172781
normal_030.jpg,normal,Normal(197).jpg,https://data.mendeley.com/public-files/datasets/gwbz3fsgp8/files/0fb52a99-4f69-4382-84f7-d3937ae19927/file_downloaded,41a9b97bc6055e4354698ce3ce70246e936045d0b5fff58c38e43188de9029bf,1024,727,172776
