paciente_id,origem_base,idade,sexo,tipo_dor_toracica,pressao_repouso_mmhg,colesterol_mgdl,glicemia_jejum_alta,ecg_repouso,fc_maxima_bpm,angina_exercicio,depressao_st_oldpeak,inclinacao_st,n_vasos_obstruidos,talassemia,num_diagnostico,doenca_cardiaca
cleveland-001,cleveland,63,masculino,1,145,233,1,2,150,0,2.3,3,0,6,0,0
cleveland-002,cleveland,67,masculino,4,160,286,0,2,108,1,1.5,2,3,3,2,1
cleveland-003,cleveland,67,masculino,4,120,229,0,2,129,1,2.6,2,2,7,1,1
cleveland-004,cleveland,37,masculino,3,130,250,0,0,187,0,3.5,3,0,3,0,0
cleveland-005,cleveland,41,feminino,2,130,204,0,2,172,0,1.4,1,0,3,0,0
cleveland-006,cleveland,56,masculino,2,120,236,0,0,178,0,0.8,1,0,3,0,0
cleveland-007,cleveland,62,feminino,4,140,268,0,2,160,0,3.6,3,2,3,3,1
cleveland-008,cleveland,57,feminino,4,120,354,0,0,163,1,0.6,1,0,3,0,0
cleveland-009,cleveland,63,masculino,4,130,254,0,2,147,0,1.4,2,1,7,2,1
cleveland-010,cleveland,53,masculino,4,140,203,1,2,155,1,3.1,3,0,7,1,1
cleveland-011,cleveland,57,masculino,4,140,192,0,0,148,0,0.4,2,0,6,0,0
cleveland-012,cleveland,56,feminino,2,140,294,0,2,153,0,1.3,2,0,3,0,0
cleveland-013,cleveland,56,masculino,3,130,256,1,2,142,1,0.6,2,1,6,2,1
cleveland-014,cleveland,44,masculino,2,120,263,0,0,173,0,0.0,1,0,7,0,0
cleveland-015,cleveland,52,masculino,3,172,199,1,0,162,0,0.5,1,0,7,0,0
cleveland-016,cleveland,57,masculino,3,150,168,0,0,174,0,1.6,1,0,3,0,0
cleveland-017,cleveland,48,masculino,2,110,229,0,0,168,0,1.0,3,0,7,1,1
cleveland-018,cleveland,54,masculino,4,140,239,0,0,160,0,1.2,1,0,3,0,0
cleveland-019,cleveland,48,feminino,3,130,275,0,0,139,0,0.2,1,0,3,0,0
cleveland-020,cleveland,49,masculino,2,130,266,0,0,171,0,0.6,1,0,3,0,0
cleveland-021,cleveland,64,masculino,1,110,211,0,2,144,1,1.8,2,0,3,0,0
cleveland-022,cleveland,58,feminino,1,150,283,1,2,162,0,1.0,1,0,3,0,0
cleveland-023,cleveland,58,masculino,2,120,284,0,2,160,0,1.8,2,0,3,1,1
cleveland-024,cleveland,58,masculino,3,132,224,0,2,173,0,3.2,1,2,7,3,1
cleveland-025,cleveland,60,masculino,4,130,206,0,2,132,1,2.4,2,2,7,4,1
cleveland-026,cleveland,50,feminino,3,120,219,0,0,158,0,1.6,2,0,3,0,0
cleveland-027,cleveland,58,feminino,3,120,340,0,0,172,0,0.0,1,0,3,0,0
cleveland-028,cleveland,66,feminino,1,150,226,0,0,114,0,2.6,3,0,3,0,0
cleveland-029,cleveland,43,masculino,4,150,247,0,0,171,0,1.5,1,0,3,0,0
cleveland-030,cleveland,40,masculino,4,110,167,0,2,114,1,2.0,2,0,7,3,1
cleveland-031,cleveland,69,feminino,1,140,239,0,0,151,0,1.8,1,2,3,0,0
cleveland-032,cleveland,60,masculino,4,117,230,1,0,160,1,1.4,1,2,7,2,1
cleveland-033,cleveland,64,masculino,3,140,335,0,0,158,0,0.0,1,0,3,1,1
cleveland-034,cleveland,59,masculino,4,135,234,0,0,161,0,0.5,2,0,7,0,0
cleveland-035,cleveland,44,masculino,3,130,233,0,0,179,1,0.4,1,0,3,0,0
cleveland-036,cleveland,42,masculino,4,140,226,0,0,178,0,0.0,1,0,3,0,0
cleveland-037,cleveland,43,masculino,4,120,177,0,2,120,1,2.5,2,0,7,3,1
cleveland-038,cleveland,57,masculino,4,150,276,0,2,112,1,0.6,2,1,6,1,1
cleveland-039,cleveland,55,masculino,4,132,353,0,0,132,1,1.2,2,1,7,3,1
cleveland-040,cleveland,61,masculino,3,150,243,1,0,137,1,1.0,2,0,3,0,0
cleveland-041,cleveland,65,feminino,4,150,225,0,2,114,0,1.0,2,3,7,4,1
cleveland-042,cleveland,40,masculino,1,140,199,0,0,178,1,1.4,1,0,7,0,0
cleveland-043,cleveland,71,feminino,2,160,302,0,0,162,0,0.4,1,2,3,0,0
cleveland-044,cleveland,59,masculino,3,150,212,1,0,157,0,1.6,1,0,3,0,0
cleveland-045,cleveland,61,feminino,4,130,330,0,2,169,0,0.0,1,0,3,1,1
cleveland-046,cleveland,58,masculino,3,112,230,0,2,165,0,2.5,2,1,7,4,1
cleveland-047,cleveland,51,masculino,3,110,175,0,0,123,0,0.6,1,0,3,0,0
cleveland-048,cleveland,50,masculino,4,150,243,0,2,128,0,2.6,2,0,7,4,1
cleveland-049,cleveland,65,feminino,3,140,417,1,2,157,0,0.8,1,1,3,0,0
cleveland-050,cleveland,53,masculino,3,130,197,1,2,152,0,1.2,3,0,3,0,0
cleveland-051,cleveland,41,feminino,2,105,198,0,0,168,0,0.0,1,1,3,0,0
cleveland-052,cleveland,65,masculino,4,120,177,0,0,140,0,0.4,1,0,7,0,0
cleveland-053,cleveland,44,masculino,4,112,290,0,2,153,0,0.0,1,1,3,2,1
cleveland-054,cleveland,44,masculino,2,130,219,0,2,188,0,0.0,1,0,3,0,0
cleveland-055,cleveland,60,masculino,4,130,253,0,0,144,1,1.4,1,1,7,1,1
cleveland-056,cleveland,54,masculino,4,124,266,0,2,109,1,2.2,2,1,7,1,1
cleveland-057,cleveland,50,masculino,3,140,233,0,0,163,0,0.6,2,1,7,1,1
cleveland-058,cleveland,41,masculino,4,110,172,0,2,158,0,0.0,1,0,7,1,1
cleveland-059,cleveland,54,masculino,3,125,273,0,2,152,0,0.5,3,1,3,0,0
cleveland-060,cleveland,51,masculino,1,125,213,0,2,125,1,1.4,1,1,3,0,0
cleveland-061,cleveland,51,feminino,4,130,305,0,0,142,1,1.2,2,0,7,2,1
cleveland-062,cleveland,46,feminino,3,142,177,0,2,160,1,1.4,3,0,3,0,0
cleveland-063,cleveland,58,masculino,4,128,216,0,2,131,1,2.2,2,3,7,1,1
cleveland-064,cleveland,54,feminino,3,135,304,1,0,170,0,0.0,1,0,3,0,0
cleveland-065,cleveland,54,masculino,4,120,188,0,0,113,0,1.4,2,1,7,2,1
cleveland-066,cleveland,60,masculino,4,145,282,0,2,142,1,2.8,2,2,7,2,1
cleveland-067,cleveland,60,masculino,3,140,185,0,2,155,0,3.0,2,0,3,1,1
cleveland-068,cleveland,54,masculino,3,150,232,0,2,165,0,1.6,1,0,7,0,0
cleveland-069,cleveland,59,masculino,4,170,326,0,2,140,1,3.4,3,0,7,2,1
cleveland-070,cleveland,46,masculino,3,150,231,0,0,147,0,3.6,2,0,3,1,1
cleveland-071,cleveland,65,feminino,3,155,269,0,0,148,0,0.8,1,0,3,0,0
cleveland-072,cleveland,67,masculino,4,125,254,1,0,163,0,0.2,2,2,7,3,1
cleveland-073,cleveland,62,masculino,4,120,267,0,0,99,1,1.8,2,2,7,1,1
cleveland-074,cleveland,65,masculino,4,110,248,0,2,158,0,0.6,1,2,6,1,1
cleveland-075,cleveland,44,masculino,4,110,197,0,2,177,0,0.0,1,1,3,1,1
cleveland-076,cleveland,65,feminino,3,160,360,0,2,151,0,0.8,1,0,3,0,0
cleveland-077,cleveland,60,masculino,4,125,258,0,2,141,1,2.8,2,1,7,1,1
cleveland-078,cleveland,51,feminino,3,140,308,0,2,142,0,1.5,1,1,3,0,0
cleveland-079,cleveland,48,masculino,2,130,245,0,2,180,0,0.2,2,0,3,0,0
cleveland-080,cleveland,58,masculino,4,150,270,0,2,111,1,0.8,1,0,7,3,1
cleveland-081,cleveland,45,masculino,4,104,208,0,2,148,1,3.0,2,0,3,0,0
cleveland-082,cleveland,53,feminino,4,130,264,0,2,143,0,0.4,2,0,3,0,0
cleveland-083,cleveland,39,masculino,3,140,321,0,2,182,0,0.0,1,0,3,0,0
cleveland-084,cleveland,68,masculino,3,180,274,1,2,150,1,1.6,2,0,7,3,1
cleveland-085,cleveland,52,masculino,2,120,325,0,0,172,0,0.2,1,0,3,0,0
cleveland-086,cleveland,44,masculino,3,140,235,0,2,180,0,0.0,1,0,3,0,0
cleveland-087,cleveland,47,masculino,3,138,257,0,2,156,0,0.0,1,0,3,0,0
cleveland-088,cleveland,53,feminino,3,128,216,0,2,115,0,0.0,1,0,,0,0
cleveland-089,cleveland,53,feminino,4,138,234,0,2,160,0,0.0,1,0,3,0,0
cleveland-090,cleveland,51,feminino,3,130,256,0,2,149,0,0.5,1,0,3,0,0
cleveland-091,cleveland,66,masculino,4,120,302,0,2,151,0,0.4,2,0,3,0,0
cleveland-092,cleveland,62,feminino,4,160,164,0,2,145,0,6.2,3,3,7,3,1
cleveland-093,cleveland,62,masculino,3,130,231,0,0,146,0,1.8,2,3,7,0,0
cleveland-094,cleveland,44,feminino,3,108,141,0,0,175,0,0.6,2,0,3,0,0
cleveland-095,cleveland,63,feminino,3,135,252,0,2,172,0,0.0,1,0,3,0,0
cleveland-096,cleveland,52,masculino,4,128,255,0,0,161,1,0.0,1,1,7,1,1
cleveland-097,cleveland,59,masculino,4,110,239,0,2,142,1,1.2,2,1,7,2,1
cleveland-098,cleveland,60,feminino,4,150,258,0,2,157,0,2.6,2,2,7,3,1
cleveland-099,cleveland,52,masculino,2,134,201,0,0,158,0,0.8,1,1,3,0,0
cleveland-100,cleveland,48,masculino,4,122,222,0,2,186,0,0.0,1,0,3,0,0
cleveland-101,cleveland,45,masculino,4,115,260,0,2,185,0,0.0,1,0,3,0,0
cleveland-102,cleveland,34,masculino,1,118,182,0,2,174,0,0.0,1,0,3,0,0
cleveland-103,cleveland,57,feminino,4,128,303,0,2,159,0,0.0,1,1,3,0,0
cleveland-104,cleveland,71,feminino,3,110,265,1,2,130,0,0.0,1,1,3,0,0
cleveland-105,cleveland,49,masculino,3,120,188,0,0,139,0,2.0,2,3,7,3,1
cleveland-106,cleveland,54,masculino,2,108,309,0,0,156,0,0.0,1,0,7,0,0
cleveland-107,cleveland,59,masculino,4,140,177,0,0,162,1,0.0,1,1,7,2,1
cleveland-108,cleveland,57,masculino,3,128,229,0,2,150,0,0.4,2,1,7,1,1
cleveland-109,cleveland,61,masculino,4,120,260,0,0,140,1,3.6,2,1,7,2,1
cleveland-110,cleveland,39,masculino,4,118,219,0,0,140,0,1.2,2,0,7,3,1
cleveland-111,cleveland,61,feminino,4,145,307,0,2,146,1,1.0,2,0,7,1,1
cleveland-112,cleveland,56,masculino,4,125,249,1,2,144,1,1.2,2,1,3,1,1
cleveland-113,cleveland,52,masculino,1,118,186,0,2,190,0,0.0,2,0,6,0,0
cleveland-114,cleveland,43,feminino,4,132,341,1,2,136,1,3.0,2,0,7,2,1
cleveland-115,cleveland,62,feminino,3,130,263,0,0,97,0,1.2,2,1,7,2,1
cleveland-116,cleveland,41,masculino,2,135,203,0,0,132,0,0.0,2,0,6,0,0
cleveland-117,cleveland,58,masculino,3,140,211,1,2,165,0,0.0,1,0,3,0,0
cleveland-118,cleveland,35,feminino,4,138,183,0,0,182,0,1.4,1,0,3,0,0
cleveland-119,cleveland,63,masculino,4,130,330,1,2,132,1,1.8,1,3,7,3,1
cleveland-120,cleveland,65,masculino,4,135,254,0,2,127,0,2.8,2,1,7,2,1
cleveland-121,cleveland,48,masculino,4,130,256,1,2,150,1,0.0,1,2,7,3,1
cleveland-122,cleveland,63,feminino,4,150,407,0,2,154,0,4.0,2,3,7,4,1
cleveland-123,cleveland,51,masculino,3,100,222,0,0,143,1,1.2,2,0,3,0,0
cleveland-124,cleveland,55,masculino,4,140,217,0,0,111,1,5.6,3,0,7,3,1
cleveland-125,cleveland,65,masculino,1,138,282,1,2,174,0,1.4,2,1,3,1,1
cleveland-126,cleveland,45,feminino,2,130,234,0,2,175,0,0.6,2,0,3,0,0
cleveland-127,cleveland,56,feminino,4,200,288,1,2,133,1,4.0,3,2,7,3,1
cleveland-128,cleveland,54,masculino,4,110,239,0,0,126,1,2.8,2,1,7,3,1
cleveland-129,cleveland,44,masculino,2,120,220,0,0,170,0,0.0,1,0,3,0,0
cleveland-130,cleveland,62,feminino,4,124,209,0,0,163,0,0.0,1,0,3,0,0
cleveland-131,cleveland,54,masculino,3,120,258,0,2,147,0,0.4,2,0,7,0,0
cleveland-132,cleveland,51,masculino,3,94,227,0,0,154,1,0.0,1,1,7,0,0
cleveland-133,cleveland,29,masculino,2,130,204,0,2,202,0,0.0,1,0,3,0,0
cleveland-134,cleveland,51,masculino,4,140,261,0,2,186,1,0.0,1,0,3,0,0
cleveland-135,cleveland,43,feminino,3,122,213,0,0,165,0,0.2,2,0,3,0,0
cleveland-136,cleveland,55,feminino,2,135,250,0,2,161,0,1.4,2,0,3,0,0
cleveland-137,cleveland,70,masculino,4,145,174,0,0,125,1,2.6,3,0,7,4,1
cleveland-138,cleveland,62,masculino,2,120,281,0,2,103,0,1.4,2,1,7,3,1
cleveland-139,cleveland,35,masculino,4,120,198,0,0,130,1,1.6,2,0,7,1,1
cleveland-140,cleveland,51,masculino,3,125,245,1,2,166,0,2.4,2,0,3,0,0
cleveland-141,cleveland,59,masculino,2,140,221,0,0,164,1,0.0,1,0,3,0,0
cleveland-142,cleveland,59,masculino,1,170,288,0,2,159,0,0.2,2,0,7,1,1
cleveland-143,cleveland,52,masculino,2,128,205,1,0,184,0,0.0,1,0,3,0,0
cleveland-144,cleveland,64,masculino,3,125,309,0,0,131,1,1.8,2,0,7,1,1
cleveland-145,cleveland,58,masculino,3,105,240,0,2,154,1,0.6,2,0,7,0,0
cleveland-146,cleveland,47,masculino,3,108,243,0,0,152,0,0.0,1,0,3,1,1
cleveland-147,cleveland,57,masculino,4,165,289,1,2,124,0,1.0,2,3,7,4,1
cleveland-148,cleveland,41,masculino,3,112,250,0,0,179,0,0.0,1,0,3,0,0
cleveland-149,cleveland,45,masculino,2,128,308,0,2,170,0,0.0,1,0,3,0,0
cleveland-150,cleveland,60,feminino,3,102,318,0,0,160,0,0.0,1,1,3,0,0
cleveland-151,cleveland,52,masculino,1,152,298,1,0,178,0,1.2,2,0,7,0,0
cleveland-152,cleveland,42,feminino,4,102,265,0,2,122,0,0.6,2,0,3,0,0
cleveland-153,cleveland,67,feminino,3,115,564,0,2,160,0,1.6,2,0,7,0,0
cleveland-154,cleveland,55,masculino,4,160,289,0,2,145,1,0.8,2,1,7,4,1
cleveland-155,cleveland,64,masculino,4,120,246,0,2,96,1,2.2,3,1,3,3,1
cleveland-156,cleveland,70,masculino,4,130,322,0,2,109,0,2.4,2,3,3,1,1
cleveland-157,cleveland,51,masculino,4,140,299,0,0,173,1,1.6,1,0,7,1,1
cleveland-158,cleveland,58,masculino,4,125,300,0,2,171,0,0.0,1,2,7,1,1
cleveland-159,cleveland,60,masculino,4,140,293,0,2,170,0,1.2,2,2,7,2,1
cleveland-160,cleveland,68,masculino,3,118,277,0,0,151,0,1.0,1,1,7,0,0
cleveland-161,cleveland,46,masculino,2,101,197,1,0,156,0,0.0,1,0,7,0,0
cleveland-162,cleveland,77,masculino,4,125,304,0,2,162,1,0.0,1,3,3,4,1
cleveland-163,cleveland,54,feminino,3,110,214,0,0,158,0,1.6,2,0,3,0,0
cleveland-164,cleveland,58,feminino,4,100,248,0,2,122,0,1.0,2,0,3,0,0
cleveland-165,cleveland,48,masculino,3,124,255,1,0,175,0,0.0,1,2,3,0,0
cleveland-166,cleveland,57,masculino,4,132,207,0,0,168,1,0.0,1,0,7,0,0
cleveland-167,cleveland,52,masculino,3,138,223,0,0,169,0,0.0,1,,3,0,0
cleveland-168,cleveland,54,feminino,2,132,288,1,2,159,1,0.0,1,1,3,0,0
cleveland-169,cleveland,35,masculino,4,126,282,0,2,156,1,0.0,1,0,7,1,1
cleveland-170,cleveland,45,feminino,2,112,160,0,0,138,0,0.0,2,0,3,0,0
cleveland-171,cleveland,70,masculino,3,160,269,0,0,112,1,2.9,2,1,7,3,1
cleveland-172,cleveland,53,masculino,4,142,226,0,2,111,1,0.0,1,0,7,0,0
cleveland-173,cleveland,59,feminino,4,174,249,0,0,143,1,0.0,2,0,3,1,1
cleveland-174,cleveland,62,feminino,4,140,394,0,2,157,0,1.2,2,0,3,0,0
cleveland-175,cleveland,64,masculino,4,145,212,0,2,132,0,2.0,2,2,6,4,1
cleveland-176,cleveland,57,masculino,4,152,274,0,0,88,1,1.2,2,1,7,1,1
cleveland-177,cleveland,52,masculino,4,108,233,1,0,147,0,0.1,1,3,7,0,0
cleveland-178,cleveland,56,masculino,4,132,184,0,2,105,1,2.1,2,1,6,1,1
cleveland-179,cleveland,43,masculino,3,130,315,0,0,162,0,1.9,1,1,3,0,0
cleveland-180,cleveland,53,masculino,3,130,246,1,2,173,0,0.0,1,3,3,0,0
cleveland-181,cleveland,48,masculino,4,124,274,0,2,166,0,0.5,2,0,7,3,1
cleveland-182,cleveland,56,feminino,4,134,409,0,2,150,1,1.9,2,2,7,2,1
cleveland-183,cleveland,42,masculino,1,148,244,0,2,178,0,0.8,1,2,3,0,0
cleveland-184,cleveland,59,masculino,1,178,270,0,2,145,0,4.2,3,0,7,0,0
cleveland-185,cleveland,60,feminino,4,158,305,0,2,161,0,0.0,1,0,3,1,1
cleveland-186,cleveland,63,feminino,2,140,195,0,0,179,0,0.0,1,2,3,0,0
cleveland-187,cleveland,42,masculino,3,120,240,1,0,194,0,0.8,3,0,7,0,0
cleveland-188,cleveland,66,masculino,2,160,246,0,0,120,1,0.0,2,3,6,2,1
cleveland-189,cleveland,54,masculino,2,192,283,0,2,195,0,0.0,1,1,7,1,1
cleveland-190,cleveland,69,masculino,3,140,254,0,2,146,0,2.0,2,3,7,2,1
cleveland-191,cleveland,50,masculino,3,129,196,0,0,163,0,0.0,1,0,3,0,0
cleveland-192,cleveland,51,masculino,4,140,298,0,0,122,1,4.2,2,3,7,3,1
cleveland-193,cleveland,43,masculino,4,132,247,1,2,143,1,0.1,2,,7,1,1
cleveland-194,cleveland,62,feminino,4,138,294,1,0,106,0,1.9,2,3,3,2,1
cleveland-195,cleveland,68,feminino,3,120,211,0,2,115,0,1.5,2,0,3,0,0
cleveland-196,cleveland,67,masculino,4,100,299,0,2,125,1,0.9,2,2,3,3,1
cleveland-197,cleveland,69,masculino,1,160,234,1,2,131,0,0.1,2,1,3,0,0
cleveland-198,cleveland,45,feminino,4,138,236,0,2,152,1,0.2,2,0,3,0,0
cleveland-199,cleveland,50,feminino,2,120,244,0,0,162,0,1.1,1,0,3,0,0
cleveland-200,cleveland,59,masculino,1,160,273,0,2,125,0,0.0,1,0,3,1,1
cleveland-201,cleveland,50,feminino,4,110,254,0,2,159,0,0.0,1,0,3,0,0
cleveland-202,cleveland,64,feminino,4,180,325,0,0,154,1,0.0,1,0,3,0,0
cleveland-203,cleveland,57,masculino,3,150,126,1,0,173,0,0.2,1,1,7,0,0
cleveland-204,cleveland,64,feminino,3,140,313,0,0,133,0,0.2,1,0,7,0,0
cleveland-205,cleveland,43,masculino,4,110,211,0,0,161,0,0.0,1,0,7,0,0
cleveland-206,cleveland,45,masculino,4,142,309,0,2,147,1,0.0,2,3,7,3,1
cleveland-207,cleveland,58,masculino,4,128,259,0,2,130,1,3.0,2,2,7,3,1
cleveland-208,cleveland,50,masculino,4,144,200,0,2,126,1,0.9,2,0,7,3,1
cleveland-209,cleveland,55,masculino,2,130,262,0,0,155,0,0.0,1,0,3,0,0
cleveland-210,cleveland,62,feminino,4,150,244,0,0,154,1,1.4,2,0,3,1,1
cleveland-211,cleveland,37,feminino,3,120,215,0,0,170,0,0.0,1,0,3,0,0
cleveland-212,cleveland,38,masculino,1,120,231,0,0,182,1,3.8,2,0,7,4,1
cleveland-213,cleveland,41,masculino,3,130,214,0,2,168,0,2.0,2,0,3,0,0
cleveland-214,cleveland,66,feminino,4,178,228,1,0,165,1,1.0,2,2,7,3,1
cleveland-215,cleveland,52,masculino,4,112,230,0,0,160,0,0.0,1,1,3,1,1
cleveland-216,cleveland,56,masculino,1,120,193,0,2,162,0,1.9,2,0,7,0,0
cleveland-217,cleveland,46,feminino,2,105,204,0,0,172,0,0.0,1,0,3,0,0
cleveland-218,cleveland,46,feminino,4,138,243,0,2,152,1,0.0,2,0,3,0,0
cleveland-219,cleveland,64,feminino,4,130,303,0,0,122,0,2.0,2,2,3,0,0
cleveland-220,cleveland,59,masculino,4,138,271,0,2,182,0,0.0,1,0,3,0,0
cleveland-221,cleveland,41,feminino,3,112,268,0,2,172,1,0.0,1,0,3,0,0
cleveland-222,cleveland,54,feminino,3,108,267,0,2,167,0,0.0,1,0,3,0,0
cleveland-223,cleveland,39,feminino,3,94,199,0,0,179,0,0.0,1,0,3,0,0
cleveland-224,cleveland,53,masculino,4,123,282,0,0,95,1,2.0,2,2,7,3,1
cleveland-225,cleveland,63,feminino,4,108,269,0,0,169,1,1.8,2,2,3,1,1
cleveland-226,cleveland,34,feminino,2,118,210,0,0,192,0,0.7,1,0,3,0,0
cleveland-227,cleveland,47,masculino,4,112,204,0,0,143,0,0.1,1,0,3,0,0
cleveland-228,cleveland,67,feminino,3,152,277,0,0,172,0,0.0,1,1,3,0,0
cleveland-229,cleveland,54,masculino,4,110,206,0,2,108,1,0.0,2,1,3,3,1
cleveland-230,cleveland,66,masculino,4,112,212,0,2,132,1,0.1,1,1,3,2,1
cleveland-231,cleveland,52,feminino,3,136,196,0,2,169,0,0.1,2,0,3,0,0
cleveland-232,cleveland,55,feminino,4,180,327,0,1,117,1,3.4,2,0,3,2,1
cleveland-233,cleveland,49,masculino,3,118,149,0,2,126,0,0.8,1,3,3,1,1
cleveland-234,cleveland,74,feminino,2,120,269,0,2,121,1,0.2,1,1,3,0,0
cleveland-235,cleveland,54,feminino,3,160,201,0,0,163,0,0.0,1,1,3,0,0
cleveland-236,cleveland,54,masculino,4,122,286,0,2,116,1,3.2,2,2,3,3,1
cleveland-237,cleveland,56,masculino,4,130,283,1,2,103,1,1.6,3,0,7,2,1
cleveland-238,cleveland,46,masculino,4,120,249,0,2,144,0,0.8,1,0,7,1,1
cleveland-239,cleveland,49,feminino,2,134,271,0,0,162,0,0.0,2,0,3,0,0
cleveland-240,cleveland,42,masculino,2,120,295,0,0,162,0,0.0,1,0,3,0,0
cleveland-241,cleveland,41,masculino,2,110,235,0,0,153,0,0.0,1,0,3,0,0
cleveland-242,cleveland,41,feminino,2,126,306,0,0,163,0,0.0,1,0,3,0,0
cleveland-243,cleveland,49,feminino,4,130,269,0,0,163,0,0.0,1,0,3,0,0
cleveland-244,cleveland,61,masculino,1,134,234,0,0,145,0,2.6,2,2,3,2,1
cleveland-245,cleveland,60,feminino,3,120,178,1,0,96,0,0.0,1,0,3,0,0
cleveland-246,cleveland,67,masculino,4,120,237,0,0,71,0,1.0,2,0,3,2,1
cleveland-247,cleveland,58,masculino,4,100,234,0,0,156,0,0.1,1,1,7,2,1
cleveland-248,cleveland,47,masculino,4,110,275,0,2,118,1,1.0,2,1,3,1,1
cleveland-249,cleveland,52,masculino,4,125,212,0,0,168,0,1.0,1,2,7,3,1
cleveland-250,cleveland,62,masculino,2,128,208,1,2,140,0,0.0,1,0,3,0,0
cleveland-251,cleveland,57,masculino,4,110,201,0,0,126,1,1.5,2,0,6,0,0
cleveland-252,cleveland,58,masculino,4,146,218,0,0,105,0,2.0,2,1,7,1,1
cleveland-253,cleveland,64,masculino,4,128,263,0,0,105,1,0.2,2,1,7,0,0
cleveland-254,cleveland,51,feminino,3,120,295,0,2,157,0,0.6,1,0,3,0,0
cleveland-255,cleveland,43,masculino,4,115,303,0,0,181,0,1.2,2,0,3,0,0
cleveland-256,cleveland,42,feminino,3,120,209,0,0,173,0,0.0,2,0,3,0,0
cleveland-257,cleveland,67,feminino,4,106,223,0,0,142,0,0.3,1,2,3,0,0
cleveland-258,cleveland,76,feminino,3,140,197,0,1,116,0,1.1,2,0,3,0,0
cleveland-259,cleveland,70,masculino,2,156,245,0,2,143,0,0.0,1,0,3,0,0
cleveland-260,cleveland,57,masculino,2,124,261,0,0,141,0,0.3,1,0,7,1,1
cleveland-261,cleveland,44,feminino,3,118,242,0,0,149,0,0.3,2,1,3,0,0
cleveland-262,cleveland,58,feminino,2,136,319,1,2,152,0,0.0,1,2,3,3,1
cleveland-263,cleveland,60,feminino,1,150,240,0,0,171,0,0.9,1,0,3,0,0
cleveland-264,cleveland,44,masculino,3,120,226,0,0,169,0,0.0,1,0,3,0,0
cleveland-265,cleveland,61,masculino,4,138,166,0,2,125,1,3.6,2,1,3,4,1
cleveland-266,cleveland,42,masculino,4,136,315,0,0,125,1,1.8,2,0,6,2,1
cleveland-267,cleveland,52,masculino,4,128,204,1,0,156,1,1.0,2,0,,2,1
cleveland-268,cleveland,59,masculino,3,126,218,1,0,134,0,2.2,2,1,6,2,1
cleveland-269,cleveland,40,masculino,4,152,223,0,0,181,0,0.0,1,0,7,1,1
cleveland-270,cleveland,42,masculino,3,130,180,0,0,150,0,0.0,1,0,3,0,0
cleveland-271,cleveland,61,masculino,4,140,207,0,2,138,1,1.9,1,1,7,1,1
cleveland-272,cleveland,66,masculino,4,160,228,0,2,138,0,2.3,1,0,6,0,0
cleveland-273,cleveland,46,masculino,4,140,311,0,0,120,1,1.8,2,2,7,2,1
cleveland-274,cleveland,71,feminino,4,112,149,0,0,125,0,1.6,2,0,3,0,0
cleveland-275,cleveland,59,masculino,1,134,204,0,0,162,0,0.8,1,2,3,1,1
cleveland-276,cleveland,64,masculino,1,170,227,0,2,155,0,0.6,2,0,7,0,0
cleveland-277,cleveland,66,feminino,3,146,278,0,2,152,0,0.0,2,1,3,0,0
cleveland-278,cleveland,39,feminino,3,138,220,0,0,152,0,0.0,2,0,3,0,0
cleveland-279,cleveland,57,masculino,2,154,232,0,2,164,0,0.0,1,1,3,1,1
cleveland-280,cleveland,58,feminino,4,130,197,0,0,131,0,0.6,2,0,3,0,0
cleveland-281,cleveland,57,masculino,4,110,335,0,0,143,1,3.0,2,1,7,2,1
cleveland-282,cleveland,47,masculino,3,130,253,0,0,179,0,0.0,1,0,3,0,0
cleveland-283,cleveland,55,feminino,4,128,205,0,1,130,1,2.0,2,1,7,3,1
cleveland-284,cleveland,35,masculino,2,122,192,0,0,174,0,0.0,1,0,3,0,0
cleveland-285,cleveland,61,masculino,4,148,203,0,0,161,0,0.0,1,1,7,2,1
cleveland-286,cleveland,58,masculino,4,114,318,0,1,140,0,4.4,3,3,6,4,1
cleveland-287,cleveland,58,feminino,4,170,225,1,2,146,1,2.8,2,2,6,2,1
cleveland-288,cleveland,58,masculino,2,125,220,0,0,144,0,0.4,2,,7,0,0
cleveland-289,cleveland,56,masculino,2,130,221,0,2,163,0,0.0,1,0,7,0,0
cleveland-290,cleveland,56,masculino,2,120,240,0,0,169,0,0.0,3,0,3,0,0
cleveland-291,cleveland,67,masculino,3,152,212,0,2,150,0,0.8,2,0,7,1,1
cleveland-292,cleveland,55,feminino,2,132,342,0,0,166,0,1.2,1,0,3,0,0
cleveland-293,cleveland,44,masculino,4,120,169,0,0,144,1,2.8,3,0,6,2,1
cleveland-294,cleveland,63,masculino,4,140,187,0,2,144,1,4.0,1,2,7,2,1
cleveland-295,cleveland,63,feminino,4,124,197,0,0,136,1,0.0,2,0,3,1,1
cleveland-296,cleveland,41,masculino,2,120,157,0,0,182,0,0.0,1,0,3,0,0
cleveland-297,cleveland,59,masculino,4,164,176,1,2,90,0,1.0,2,2,6,3,1
cleveland-298,cleveland,57,feminino,4,140,241,0,0,123,1,0.2,2,0,7,1,1
cleveland-299,cleveland,45,masculino,1,110,264,0,0,132,0,1.2,2,0,7,1,1
cleveland-300,cleveland,68,masculino,4,144,193,1,0,141,0,3.4,2,2,7,2,1
cleveland-301,cleveland,57,masculino,4,130,131,0,0,115,1,1.2,2,1,7,3,1
cleveland-302,cleveland,57,feminino,2,130,236,0,2,174,0,0.0,2,1,3,1,1
cleveland-303,cleveland,38,masculino,3,138,175,0,0,173,0,0.0,1,,3,0,0
hungarian-001,hungarian,28,masculino,2,130,132,0,2,185,0,0.0,,,,0,0
hungarian-002,hungarian,29,masculino,2,120,243,0,0,160,0,0.0,,,,0,0
hungarian-003,hungarian,29,masculino,2,140,,0,0,170,0,0.0,,,,0,0
hungarian-004,hungarian,30,feminino,1,170,237,0,1,170,0,0.0,,,6,0,0
hungarian-005,hungarian,31,feminino,2,100,219,0,1,150,0,0.0,,,,0,0
hungarian-006,hungarian,32,feminino,2,105,198,0,0,165,0,0.0,,,,0,0
hungarian-007,hungarian,32,masculino,2,110,225,0,0,184,0,0.0,,,,0,0
hungarian-008,hungarian,32,masculino,2,125,254,0,0,155,0,0.0,,,,0,0
hungarian-009,hungarian,33,masculino,3,120,298,0,0,185,0,0.0,,,,0,0
hungarian-010,hungarian,34,feminino,2,130,161,0,0,190,0,0.0,,,,0,0
hungarian-011,hungarian,34,masculino,2,150,214,0,1,168,0,0.0,,,,0,0
hungarian-012,hungarian,34,masculino,2,98,220,0,0,150,0,0.0,,,,0,0
hungarian-013,hungarian,35,feminino,1,120,160,0,1,185,0,0.0,,,,0,0
hungarian-014,hungarian,35,feminino,4,140,167,0,0,150,0,0.0,,,,0,0
hungarian-015,hungarian,35,masculino,2,120,308,0,2,180,0,0.0,,,,0,0
hungarian-016,hungarian,35,masculino,2,150,264,0,0,168,0,0.0,,,,0,0
hungarian-017,hungarian,36,masculino,2,120,166,0,0,180,0,0.0,,,,0,0
hungarian-018,hungarian,36,masculino,3,112,340,0,0,184,0,1.0,2,,3,0,0
hungarian-019,hungarian,36,masculino,3,130,209,0,0,178,0,0.0,,,,0,0
hungarian-020,hungarian,36,masculino,3,150,160,0,0,172,0,0.0,,,,0,0
hungarian-021,hungarian,37,feminino,2,120,260,0,0,130,0,0.0,,,,0,0
hungarian-022,hungarian,37,feminino,3,130,211,0,0,142,0,0.0,,,,0,0
hungarian-023,hungarian,37,feminino,4,130,173,0,1,184,0,0.0,,,,0,0
hungarian-024,hungarian,37,masculino,2,130,283,0,1,98,0,0.0,,,,0,0
hungarian-025,hungarian,37,masculino,3,130,194,0,0,150,0,0.0,,,,0,0
hungarian-026,hungarian,37,masculino,4,120,223,0,0,168,0,0.0,,,3,0,0
hungarian-027,hungarian,37,masculino,4,130,315,0,0,158,0,0.0,,,,0,0
hungarian-028,hungarian,38,feminino,2,120,275,,0,129,0,0.0,,,,0,0
hungarian-029,hungarian,38,masculino,2,140,297,0,0,150,0,0.0,,,,0,0
hungarian-030,hungarian,38,masculino,3,145,292,0,0,130,0,0.0,,,,0,0
hungarian-031,hungarian,39,feminino,3,110,182,0,1,180,0,0.0,,,,0,0
hungarian-032,hungarian,39,masculino,2,120,,0,1,146,0,2.0,1,,,0,0
hungarian-033,hungarian,39,masculino,2,120,200,0,0,160,1,1.0,2,,,0,0
hungarian-034,hungarian,39,masculino,2,120,204,0,0,145,0,0.0,,,,0,0
hungarian-035,hungarian,39,masculino,2,130,,0,0,120,0,0.0,,,,0,0
hungarian-036,hungarian,39,masculino,2,190,241,0,0,106,0,0.0,,,,0,0
hungarian-037,hungarian,39,masculino,3,120,339,0,0,170,0,0.0,,,,0,0
hungarian-038,hungarian,39,masculino,3,160,147,1,0,160,0,0.0,,,,0,0
hungarian-039,hungarian,39,masculino,4,110,273,0,0,132,0,0.0,,,,0,0
hungarian-040,hungarian,39,masculino,4,130,307,0,0,140,0,0.0,,,,0,0
hungarian-041,hungarian,40,masculino,2,130,275,0,0,150,0,0.0,,,,0,0
hungarian-042,hungarian,40,masculino,2,140,289,0,0,172,0,0.0,,,,0,0
hungarian-043,hungarian,40,masculino,3,130,215,0,0,138,0,0.0,,,,0,0
hungarian-044,hungarian,40,masculino,3,130,281,0,0,167,0,0.0,,,,0,0
hungarian-045,hungarian,40,masculino,3,140,,0,0,188,0,0.0,,,,0,0
hungarian-046,hungarian,41,feminino,2,110,250,0,1,142,0,0.0,,,,0,0
hungarian-047,hungarian,41,feminino,2,125,184,0,0,180,0,0.0,,,,0,0
hungarian-048,hungarian,41,feminino,2,130,245,0,0,150,0,0.0,,,,0,0
hungarian-049,hungarian,41,masculino,2,120,291,0,1,160,0,0.0,,,,0,0
hungarian-050,hungarian,41,masculino,2,120,295,0,0,170,0,0.0,,,,0,0
hungarian-051,hungarian,41,masculino,2,125,269,0,0,144,0,0.0,,,,0,0
hungarian-052,hungarian,41,masculino,4,112,250,0,0,142,0,0.0,,,,0,0
hungarian-053,hungarian,42,feminino,3,115,211,0,1,137,0,0.0,,,,0,0
hungarian-054,hungarian,42,masculino,2,120,196,0,0,150,0,0.0,,,,0,0
hungarian-055,hungarian,42,masculino,2,120,198,0,0,155,0,0.0,,,,0,0
hungarian-056,hungarian,42,masculino,2,150,268,0,0,136,0,0.0,,,,0,0
hungarian-057,hungarian,42,masculino,3,120,228,0,0,152,1,1.5,2,,,0,0
hungarian-058,hungarian,42,masculino,3,160,147,0,0,146,0,0.0,,,,0,0
hungarian-059,hungarian,42,masculino,4,140,358,0,0,170,0,0.0,,,,0,0
hungarian-060,hungarian,43,feminino,1,100,223,0,0,142,0,0.0,,,,0,0
hungarian-061,hungarian,43,feminino,2,120,201,0,0,165,0,0.0,,,,0,0
hungarian-062,hungarian,43,feminino,2,120,215,0,1,175,0,0.0,,,,0,0
hungarian-063,hungarian,43,feminino,2,120,249,0,1,176,0,0.0,,,,0,0
hungarian-064,hungarian,43,feminino,2,120,266,0,0,118,0,0.0,,,,0,0
hungarian-065,hungarian,43,feminino,2,150,186,0,0,154,0,0.0,,,,0,0
hungarian-066,hungarian,43,feminino,3,150,,0,0,175,0,0.0,,,3,0,0
hungarian-067,hungarian,43,masculino,2,142,207,0,0,138,0,0.0,,,,0,0
hungarian-068,hungarian,44,feminino,4,120,218,0,1,115,0,0.0,,,,0,0
hungarian-069,hungarian,44,masculino,2,120,184,0,0,142,0,1.0,2,,,0,0
hungarian-070,hungarian,44,masculino,2,130,215,0,0,135,0,0.0,,,,0,0
hungarian-071,hungarian,44,masculino,4,150,412,0,0,170,0,0.0,,,,0,0
hungarian-072,hungarian,45,feminino,2,130,237,0,0,170,0,0.0,,,,0,0
hungarian-073,hungarian,45,feminino,2,180,,0,0,180,0,0.0,,,,0,0
hungarian-074,hungarian,45,feminino,4,132,297,0,0,144,0,0.0,,,,0,0
hungarian-075,hungarian,45,masculino,2,140,224,1,0,122,0,0.0,,,,0,0
hungarian-076,hungarian,45,masculino,3,135,,0,0,110,0,0.0,,,,0,0
hungarian-077,hungarian,45,masculino,4,120,225,0,0,140,0,0.0,,,,0,0
hungarian-078,hungarian,45,masculino,4,140,224,0,0,144,0,0.0,,,,0,0
hungarian-079,hungarian,46,feminino,4,130,238,0,0,90,0,0.0,,,,0,0
hungarian-080,hungarian,46,masculino,2,140,275,0,0,165,1,0.0,,,,0,0
hungarian-081,hungarian,46,masculino,3,120,230,0,0,150,0,0.0,,,,0,0
hungarian-082,hungarian,46,masculino,3,150,163,,0,116,0,0.0,,,,0,0
hungarian-083,hungarian,46,masculino,4,110,238,0,1,140,1,1.0,2,,3,0,0
hungarian-084,hungarian,46,masculino,4,110,240,0,1,140,0,0.0,,,3,0,0
hungarian-085,hungarian,46,masculino,4,180,280,0,1,120,0,0.0,,,,0,0
hungarian-086,hungarian,47,feminino,2,140,257,0,0,135,0,1.0,1,,,0,0
hungarian-087,hungarian,47,feminino,3,130,,0,0,145,0,2.0,2,,,0,0
hungarian-088,hungarian,47,masculino,1,110,249,0,0,150,0,0.0,,,,0,0
hungarian-089,hungarian,47,masculino,2,160,263,0,0,174,0,0.0,,,,0,0
hungarian-090,hungarian,47,masculino,4,140,276,1,0,125,1,0.0,,,,0,0
hungarian-091,hungarian,48,feminino,2,,308,0,1,,,2.0,1,,,0,0
hungarian-092,hungarian,48,feminino,2,120,,1,1,148,0,0.0,,,,0,0
hungarian-093,hungarian,48,feminino,2,120,284,0,0,120,0,0.0,,,,0,0
hungarian-094,hungarian,48,feminino,3,120,195,0,0,125,0,0.0,,,,0,0
hungarian-095,hungarian,48,feminino,4,108,163,0,0,175,0,2.0,1,,,0,0
hungarian-096,hungarian,48,feminino,4,120,254,0,1,110,0,0.0,,,,0,0
hungarian-097,hungarian,48,feminino,4,150,227,0,0,130,1,1.0,2,,,0,0
hungarian-098,hungarian,48,masculino,2,100,,0,0,100,0,0.0,,,,0,0
hungarian-099,hungarian,48,masculino,2,130,245,0,0,160,0,0.0,,,,0,0
hungarian-100,hungarian,48,masculino,2,140,238,0,0,118,0,0.0,,,,0,0
hungarian-101,hungarian,48,masculino,3,110,211,0,0,138,0,0.0,,,6,0,0
hungarian-102,hungarian,49,feminino,2,110,,0,0,160,0,0.0,,,,0,0
hungarian-103,hungarian,49,feminino,2,110,,0,0,160,0,0.0,,,,0,0
hungarian-104,hungarian,49,feminino,2,124,201,0,0,164,0,0.0,,,,0,0
hungarian-105,hungarian,49,feminino,3,130,207,0,1,135,0,0.0,,,,0,0
hungarian-106,hungarian,49,masculino,2,100,253,0,0,174,0,0.0,,,,0,0
hungarian-107,hungarian,49,masculino,3,140,187,0,0,172,0,0.0,,,,0,0
hungarian-108,hungarian,49,masculino,4,120,297,,0,132,0,1.0,2,,,0,0
hungarian-109,hungarian,49,masculino,4,140,,0,0,130,0,0.0,,,,0,0
hungarian-110,hungarian,50,feminino,2,110,202,0,0,145,0,0.0,,,,0,0
hungarian-111,hungarian,50,feminino,4,120,328,0,0,110,1,1.0,2,,,0,0
hungarian-112,hungarian,50,masculino,2,120,168,0,0,160,0,0.0,,0,,0,0
hungarian-113,hungarian,50,masculino,2,140,216,0,0,170,0,0.0,,,3,0,0
hungarian-114,hungarian,50,masculino,2,170,209,0,1,116,0,0.0,,,,0,0
hungarian-115,hungarian,50,masculino,4,140,129,0,0,135,0,0.0,,,,0,0
hungarian-116,hungarian,50,masculino,4,150,215,0,0,140,1,0.0,,,,0,0
hungarian-117,hungarian,51,feminino,2,160,194,0,0,170,0,0.0,,,,0,0
hungarian-118,hungarian,51,feminino,3,110,190,0,0,120,0,0.0,,,,0,0
hungarian-119,hungarian,51,feminino,3,130,220,0,0,160,1,2.0,1,,,0,0
hungarian-120,hungarian,51,feminino,3,150,200,0,0,120,0,0.5,1,,,0,0
hungarian-121,hungarian,51,masculino,2,125,188,0,0,145,0,0.0,,,,0,0
hungarian-122,hungarian,51,masculino,2,130,224,0,0,150,0,0.0,,,,0,0
hungarian-123,hungarian,51,masculino,4,130,179,0,0,100,0,0.0,,,7,0,0
hungarian-124,hungarian,52,feminino,2,120,210,0,0,148,0,0.0,,,,0,0
hungarian-125,hungarian,52,feminino,2,140,,0,0,140,0,0.0,,,,0,0
hungarian-126,hungarian,52,feminino,3,125,272,0,0,139,0,0.0,,,,0,0
hungarian-127,hungarian,52,feminino,4,130,180,0,0,140,1,1.5,2,,,0,0
hungarian-128,hungarian,52,masculino,2,120,284,0,0,118,0,0.0,,,,0,0
hungarian-129,hungarian,52,masculino,2,140,100,0,0,138,1,0.0,,,,0,0
hungarian-130,hungarian,52,masculino,2,160,196,0,0,165,0,0.0,,,,0,0
hungarian-131,hungarian,52,masculino,3,140,259,0,1,170,0,0.0,,,,0,0
hungarian-132,hungarian,53,feminino,2,113,468,,0,127,0,0.0,,,,0,0
hungarian-133,hungarian,53,feminino,2,140,216,0,0,142,1,2.0,2,,,0,0
hungarian-134,hungarian,53,feminino,3,120,274,0,0,130,0,0.0,,,,0,0
hungarian-135,hungarian,53,masculino,2,120,,0,0,132,0,0.0,,,,0,0
hungarian-136,hungarian,53,masculino,2,140,320,0,0,162,0,0.0,,,,0,0
hungarian-137,hungarian,53,masculino,3,120,195,0,0,140,0,0.0,,,,0,0
hungarian-138,hungarian,53,masculino,4,124,260,0,1,112,1,3.0,2,,,0,0
hungarian-139,hungarian,53,masculino,4,130,182,0,0,148,0,0.0,,,,0,0
hungarian-140,hungarian,53,masculino,4,140,243,0,0,155,0,0.0,,,,0,0
hungarian-141,hungarian,54,feminino,2,120,221,0,0,138,0,1.0,1,,,0,0
hungarian-142,hungarian,54,feminino,2,120,230,1,0,140,0,0.0,,,,0,0
hungarian-143,hungarian,54,feminino,2,120,273,0,0,150,0,1.5,2,,,0,0
hungarian-144,hungarian,54,feminino,2,130,253,0,1,155,0,0.0,,,,0,0
hungarian-145,hungarian,54,feminino,2,140,309,,1,140,0,0.0,,,,0,0
hungarian-146,hungarian,54,feminino,2,150,230,0,0,130,0,0.0,,,,0,0
hungarian-147,hungarian,54,feminino,2,160,312,0,0,130,0,0.0,,,,0,0
hungarian-148,hungarian,54,masculino,1,120,171,0,0,137,0,2.0,1,,,0,0
hungarian-149,hungarian,54,masculino,2,110,208,0,0,142,0,0.0,,,,0,0
hungarian-150,hungarian,54,masculino,2,120,238,0,0,154,0,0.0,,,,0,0
hungarian-151,hungarian,54,masculino,2,120,246,0,0,110,0,0.0,,,,0,0
hungarian-152,hungarian,54,masculino,2,160,195,0,1,130,0,1.0,1,,,0,0
hungarian-153,hungarian,54,masculino,2,160,305,0,0,175,0,0.0,,,,0,0
hungarian-154,hungarian,54,masculino,3,120,217,0,0,137,0,0.0,,,,0,0
hungarian-155,hungarian,54,masculino,3,150,,0,0,122,0,0.0,,,,0,0
hungarian-156,hungarian,54,masculino,4,150,365,0,1,134,0,1.0,1,,,0,0
hungarian-157,hungarian,55,feminino,2,110,344,0,1,160,0,0.0,,,,0,0
hungarian-158,hungarian,55,feminino,2,122,320,0,0,155,0,0.0,,,,0,0
hungarian-159,hungarian,55,feminino,2,130,394,0,2,150,0,0.0,,,,0,0
hungarian-160,hungarian,55,masculino,2,120,256,1,0,137,0,0.0,,,7,0,0
hungarian-161,hungarian,55,masculino,2,140,196,0,0,150,0,0.0,,,7,0,0
hungarian-162,hungarian,55,masculino,2,145,326,0,0,155,0,0.0,,,,0,0
hungarian-163,hungarian,55,masculino,3,110,277,0,0,160,0,0.0,,,,0,0
hungarian-164,hungarian,55,masculino,3,120,220,0,2,134,0,0.0,,,,0,0
hungarian-165,hungarian,55,masculino,4,120,270,0,0,140,0,0.0,,,,0,0
hungarian-166,hungarian,55,masculino,4,140,229,0,0,110,1,0.5,2,,,0,0
hungarian-167,hungarian,56,feminino,3,130,219,,1,164,0,0.0,,,7,0,0
hungarian-168,hungarian,56,masculino,2,130,184,0,0,100,0,0.0,,,,0,0
hungarian-169,hungarian,56,masculino,3,130,,0,0,114,0,0.0,,,,0,0
hungarian-170,hungarian,56,masculino,3,130,276,0,0,128,1,1.0,1,,6,0,0
hungarian-171,hungarian,56,masculino,4,120,85,0,0,140,0,0.0,,,,0,0
hungarian-172,hungarian,57,feminino,1,130,308,0,0,98,0,1.0,2,,,0,0
hungarian-173,hungarian,57,feminino,4,180,347,0,1,126,1,0.8,2,,,0,0
hungarian-174,hungarian,57,masculino,2,140,260,1,0,140,0,0.0,,,6,0,0
hungarian-175,hungarian,58,masculino,2,130,230,0,0,150,0,0.0,,,,0,0
hungarian-176,hungarian,58,masculino,2,130,251,0,0,110,0,0.0,,,,0,0
hungarian-177,hungarian,58,masculino,3,140,179,0,0,160,0,0.0,,,,0,0
hungarian-178,hungarian,58,masculino,4,135,222,0,0,100,0,0.0,,,,0,0
hungarian-179,hungarian,59,feminino,2,130,188,0,0,124,0,1.0,2,,,0,0
hungarian-180,hungarian,59,masculino,2,140,287,0,0,150,0,0.0,,,,0,0
hungarian-181,hungarian,59,masculino,3,130,318,0,0,120,1,1.0,2,,3,0,0
hungarian-182,hungarian,59,masculino,3,180,213,0,0,100,0,0.0,,,,0,0
hungarian-183,hungarian,59,masculino,4,140,,0,0,140,0,0.0,,0,,0,0
hungarian-184,hungarian,60,masculino,3,120,246,0,2,135,0,0.0,,,,0,0
hungarian-185,hungarian,61,feminino,4,130,294,0,1,120,1,1.0,2,,,0,0
hungarian-186,hungarian,61,masculino,4,125,292,0,1,115,1,0.0,,,,0,0
hungarian-187,hungarian,62,feminino,1,160,193,0,0,116,0,0.0,,,,0,0
hungarian-188,hungarian,62,masculino,2,140,271,0,0,152,0,1.0,1,,,0,0
hungarian-189,hungarian,31,masculino,4,120,270,0,0,153,1,1.5,2,,,1,1
hungarian-190,hungarian,33,feminino,4,100,246,0,0,150,1,1.0,2,,,1,1
hungarian-191,hungarian,34,masculino,1,140,156,0,0,180,0,0.0,,,,1,1
hungarian-192,hungarian,35,masculino,2,110,257,0,0,140,0,0.0,,,,1,1
hungarian-193,hungarian,36,masculino,2,120,267,0,0,160,0,3.0,2,,,1,1
hungarian-194,hungarian,37,masculino,4,140,207,0,0,130,1,1.5,2,,,1,1
hungarian-195,hungarian,38,masculino,4,110,196,0,0,166,0,0.0,,,,1,1
hungarian-196,hungarian,38,masculino,4,120,282,0,0,170,0,0.0,,,,1,1
hungarian-197,hungarian,38,masculino,4,92,117,0,0,134,1,2.5,2,,,1,1
hungarian-198,hungarian,40,masculino,4,120,466,,0,152,1,1.0,2,,6,1,1
hungarian-199,hungarian,41,masculino,4,110,289,0,0,170,0,0.0,,,6,1,1
hungarian-200,hungarian,41,masculino,4,120,237,,0,138,1,1.0,2,,,1,1
hungarian-201,hungarian,43,masculino,4,150,247,0,0,130,1,2.0,2,,,1,1
hungarian-202,hungarian,46,masculino,4,110,202,0,0,150,1,0.0,,,,1,1
hungarian-203,hungarian,46,masculino,4,118,186,0,0,124,0,0.0,,,7,1,1
hungarian-204,hungarian,46,masculino,4,120,277,0,0,125,1,1.0,2,,,1,1
hungarian-205,hungarian,47,masculino,3,140,193,0,0,145,1,1.0,2,,,1,1
hungarian-206,hungarian,47,masculino,4,150,226,0,0,98,1,1.5,2,0,7,1,1
hungarian-207,hungarian,48,masculino,4,106,263,1,0,110,0,0.0,,,,1,1
hungarian-208,hungarian,48,masculino,4,120,260,0,0,115,0,2.0,2,,,1,1
hungarian-209,hungarian,48,masculino,4,160,268,0,0,103,1,1.0,2,,,1,1
hungarian-210,hungarian,49,feminino,3,160,180,0,0,156,0,1.0,2,,,1,1
hungarian-211,hungarian,49,masculino,3,115,265,0,0,175,0,0.0,,,,1,1
hungarian-212,hungarian,49,masculino,4,130,206,0,0,170,0,0.0,,,,1,1
hungarian-213,hungarian,50,feminino,3,140,288,0,0,140,1,0.0,,,7,1,1
hungarian-214,hungarian,50,masculino,4,145,264,0,0,150,0,0.0,,,,1,1
hungarian-215,hungarian,51,feminino,4,160,303,0,0,150,1,1.0,2,,,1,1
hungarian-216,hungarian,52,masculino,4,130,225,0,0,120,1,2.0,2,,,1,1
hungarian-217,hungarian,54,masculino,4,125,216,0,0,140,0,0.0,,,,1,1
hungarian-218,hungarian,54,masculino,4,125,224,0,0,122,0,2.0,2,,,1,1
hungarian-219,hungarian,55,masculino,4,140,201,0,0,130,1,3.0,2,,,1,1
hungarian-220,hungarian,57,masculino,2,140,265,0,1,145,1,1.0,2,,,1,1
hungarian-221,hungarian,58,masculino,3,130,213,0,1,140,0,0.0,,,6,1,1
hungarian-222,hungarian,59,feminino,4,130,338,1,1,130,1,1.5,2,,,1,1
hungarian-223,hungarian,60,masculino,4,100,248,0,0,125,0,1.0,2,,,1,1
hungarian-224,hungarian,63,masculino,4,150,223,0,0,115,0,0.0,,,,1,1
hungarian-225,hungarian,65,masculino,4,140,306,1,0,87,1,1.5,2,,,1,1
hungarian-226,hungarian,32,masculino,4,118,529,0,0,130,0,0.0,,,,1,1
hungarian-227,hungarian,38,masculino,4,110,,0,0,150,1,1.0,2,,,1,1
hungarian-228,hungarian,39,masculino,4,110,280,0,0,150,0,0.0,,,6,1,1
hungarian-229,hungarian,40,feminino,4,150,392,0,0,130,0,2.0,2,,6,1,1
hungarian-230,hungarian,43,masculino,1,120,291,0,1,155,0,0.0,,,,1,1
hungarian-231,hungarian,45,masculino,4,130,219,0,1,130,1,1.0,2,,,1,1
hungarian-232,hungarian,46,masculino,4,120,231,0,0,115,1,0.0,,,,1,1
hungarian-233,hungarian,46,masculino,4,130,222,0,0,112,0,0.0,,,,1,1
hungarian-234,hungarian,48,masculino,4,122,275,1,1,150,1,2.0,3,,,1,1
hungarian-235,hungarian,48,masculino,4,160,193,0,0,102,1,3.0,2,,,1,1
hungarian-236,hungarian,48,masculino,4,160,329,0,0,92,1,1.5,2,,,1,1
hungarian-237,hungarian,48,masculino,4,160,355,0,0,99,1,2.0,2,,,1,1
hungarian-238,hungarian,50,masculino,4,130,233,0,0,121,1,2.0,2,,7,1,1
hungarian-239,hungarian,52,masculino,4,120,182,0,0,150,0,0.0,,,,1,1
hungarian-240,hungarian,52,masculino,4,170,,0,0,126,1,1.5,2,,,1,1
hungarian-241,hungarian,53,masculino,4,120,246,0,0,116,1,0.0,,,,1,1
hungarian-242,hungarian,54,masculino,3,120,237,0,0,150,1,1.5,,,7,1,1
hungarian-243,hungarian,54,masculino,4,130,242,0,0,91,1,1.0,2,,,1,1
hungarian-244,hungarian,54,masculino,4,130,603,1,0,125,1,1.0,2,,,1,1
hungarian-245,hungarian,54,masculino,4,140,,0,0,118,1,0.0,,,,1,1
hungarian-246,hungarian,54,masculino,4,200,198,0,0,142,1,2.0,2,,,1,1
hungarian-247,hungarian,55,masculino,4,140,268,0,0,128,1,1.5,2,,,1,1
hungarian-248,hungarian,56,masculino,4,150,213,1,0,125,1,1.0,2,,,1,1
hungarian-249,hungarian,57,masculino,4,150,255,0,0,92,1,3.0,2,,,1,1
hungarian-250,hungarian,58,masculino,3,160,211,1,1,92,0,0.0,,,,1,1
hungarian-251,hungarian,58,masculino,4,130,263,0,0,140,1,2.0,2,,,1,1
hungarian-252,hungarian,41,masculino,4,130,172,0,1,130,0,2.0,2,,,1,1
hungarian-253,hungarian,43,masculino,4,120,175,0,0,120,1,1.0,2,,7,1,1
hungarian-254,hungarian,44,masculino,2,150,288,0,0,150,1,3.0,2,,,1,1
hungarian-255,hungarian,44,masculino,4,130,290,0,0,100,1,2.0,2,,,1,1
hungarian-256,hungarian,46,masculino,1,140,272,1,0,175,0,2.0,2,,,1,1
hungarian-257,hungarian,47,feminino,3,135,248,1,0,170,0,0.0,,,,1,1
hungarian-258,hungarian,48,feminino,4,138,214,0,0,108,1,1.5,2,,,1,1
hungarian-259,hungarian,49,masculino,4,130,341,0,0,120,1,1.0,2,,,1,1
hungarian-260,hungarian,49,masculino,4,140,234,0,0,140,1,1.0,2,,,1,1
hungarian-261,hungarian,51,masculino,3,135,160,0,0,150,0,2.0,2,,,1,1
hungarian-262,hungarian,52,masculino,4,112,342,0,1,96,1,1.0,2,,,1,1
hungarian-263,hungarian,52,masculino,4,130,298,0,0,110,1,1.0,2,,,1,1
hungarian-264,hungarian,52,masculino,4,140,404,0,0,124,1,2.0,2,,,1,1
hungarian-265,hungarian,52,masculino,4,160,246,0,1,82,1,4.0,2,,,1,1
hungarian-266,hungarian,53,masculino,3,145,518,0,0,130,0,0.0,,,,1,1
hungarian-267,hungarian,53,masculino,4,180,285,0,1,120,1,1.5,2,,,1,1
hungarian-268,hungarian,54,masculino,4,140,216,0,0,105,0,1.5,2,,,1,1
hungarian-269,hungarian,55,masculino,1,140,295,0,,136,0,0.0,,,,1,1
hungarian-270,hungarian,55,masculino,2,160,292,1,0,143,1,2.0,2,,,1,1
hungarian-271,hungarian,55,masculino,4,145,248,0,0,96,1,2.0,2,,,1,1
hungarian-272,hungarian,56,feminino,2,120,279,0,0,150,0,1.0,2,,,1,1
hungarian-273,hungarian,56,masculino,4,150,230,0,1,124,1,1.5,2,,,1,1
hungarian-274,hungarian,56,masculino,4,170,388,0,1,122,1,2.0,2,,,1,1
hungarian-275,hungarian,58,masculino,2,136,164,0,1,99,1,2.0,2,,,1,1
hungarian-276,hungarian,59,masculino,4,130,,0,0,125,0,0.0,,,,1,1
hungarian-277,hungarian,59,masculino,4,140,264,1,2,119,1,0.0,,,,1,1
hungarian-278,hungarian,65,masculino,4,170,263,1,0,112,1,2.0,2,,,1,1
hungarian-279,hungarian,66,masculino,4,140,,0,0,94,1,1.0,2,,,1,1
hungarian-280,hungarian,41,masculino,4,120,336,0,0,118,1,3.0,2,,,1,1
hungarian-281,hungarian,43,masculino,4,140,288,0,0,135,1,2.0,2,,,1,1
hungarian-282,hungarian,44,masculino,4,135,491,0,0,135,0,0.0,,,,1,1
hungarian-283,hungarian,47,feminino,4,120,205,0,0,98,1,2.0,2,,6,1,1
hungarian-284,hungarian,47,masculino,4,160,291,0,1,158,1,3.0,2,,,1,1
hungarian-285,hungarian,49,masculino,4,128,212,0,0,96,1,0.0,,,,1,1
hungarian-286,hungarian,49,masculino,4,150,222,0,0,122,0,2.0,2,,,1,1
hungarian-287,hungarian,50,masculino,4,140,231,0,1,140,1,5.0,2,,,1,1
hungarian-288,hungarian,50,masculino,4,140,341,0,1,125,1,2.5,2,,,1,1
hungarian-289,hungarian,52,masculino,4,140,266,0,0,134,1,2.0,2,,,1,1
hungarian-290,hungarian,52,masculino,4,160,331,0,0,94,1,2.5,,,,1,1
hungarian-291,hungarian,54,feminino,3,130,294,0,1,100,1,0.0,2,,,1,1
hungarian-292,hungarian,56,masculino,4,155,342,1,0,150,1,3.0,2,,,1,1
hungarian-293,hungarian,58,feminino,2,180,393,0,0,110,1,1.0,2,,7,1,1
hungarian-294,hungarian,65,masculino,4,130,275,0,1,115,1,1.0,2,,,1,1
switzerland-001,switzerland,32,masculino,1,95,0,,0,127,0,0.7,1,,,1,1
switzerland-002,switzerland,34,masculino,4,115,0,,,154,0,0.2,1,,,1,1
switzerland-003,switzerland,35,masculino,4,,0,,0,130,1,,,,7,3,1
switzerland-004,switzerland,36,masculino,4,110,0,,0,125,1,1.0,2,,6,1,1
switzerland-005,switzerland,38,feminino,4,105,0,,0,166,0,2.8,1,,,2,1
switzerland-006,switzerland,38,feminino,4,110,0,0,0,156,0,0.0,2,,3,1,1
switzerland-007,switzerland,38,masculino,3,100,0,,0,179,0,-1.1,1,,,0,0
switzerland-008,switzerland,38,masculino,3,115,0,0,0,128,1,0.0,2,,7,1,1
switzerland-009,switzerland,38,masculino,4,135,0,,0,150,0,0.0,,,3,2,1
switzerland-010,switzerland,38,masculino,4,150,0,,0,120,1,,,,3,1,1
switzerland-011,switzerland,40,masculino,4,95,0,,1,144,0,0.0,1,,,2,1
switzerland-012,switzerland,41,masculino,4,125,0,,0,176,0,1.6,1,,,2,1
switzerland-013,switzerland,42,masculino,4,105,0,,0,128,1,-1.5,3,,,1,1
switzerland-014,switzerland,42,masculino,4,145,0,0,0,99,1,0.0,2,,,2,1
switzerland-015,switzerland,43,masculino,4,100,0,,0,122,0,1.5,3,,,3,1
switzerland-016,switzerland,43,masculino,4,115,0,0,0,145,1,2.0,2,,7,4,1
switzerland-017,switzerland,43,masculino,4,140,0,0,1,140,1,0.5,1,,7,2,1
switzerland-018,switzerland,45,masculino,3,110,0,,0,138,0,-0.1,1,,,0,0
switzerland-019,switzerland,46,masculino,4,100,0,,1,133,0,-2.6,2,,,1,1
switzerland-020,switzerland,46,masculino,4,115,0,0,0,113,1,1.5,2,,7,1,1
switzerland-021,switzerland,47,masculino,3,110,0,,0,120,1,0.0,,,3,1,1
switzerland-022,switzerland,47,masculino,3,155,0,0,0,118,1,1.0,2,,3,3,1
switzerland-023,switzerland,47,masculino,4,110,0,,1,149,0,2.1,1,,,2,1
switzerland-024,switzerland,47,masculino,4,160,0,0,0,124,1,0.0,2,,7,1,1
switzerland-025,switzerland,48,masculino,4,115,0,,0,128,0,0.0,2,,6,2,1
switzerland-026,switzerland,50,feminino,4,160,0,,0,110,0,0.0,,,3,1,1
switzerland-027,switzerland,50,masculino,4,115,0,0,0,120,1,0.5,2,,6,3,1
switzerland-028,switzerland,50,masculino,4,120,0,0,1,156,1,0.0,1,,6,3,1
switzerland-029,switzerland,50,masculino,4,145,0,,0,139,1,0.7,2,,,1,1
switzerland-030,switzerland,51,feminino,4,120,0,,0,127,1,1.5,1,,,2,1
switzerland-031,switzerland,51,masculino,4,110,0,,0,92,0,0.0,2,,,4,1
switzerland-032,switzerland,51,masculino,4,120,0,1,0,104,0,0.0,2,,3,3,1
switzerland-033,switzerland,51,masculino,4,130,0,,0,170,0,-0.7,1,,,2,1
switzerland-034,switzerland,51,masculino,4,130,0,,1,163,0,0.0,,,7,1,1
switzerland-035,switzerland,51,masculino,4,140,0,0,0,60,0,0.0,2,,3,2,1
switzerland-036,switzerland,51,masculino,4,95,0,,0,126,0,2.2,2,,,2,1
switzerland-037,switzerland,52,masculino,4,130,0,,0,120,0,0.0,2,,7,2,1
switzerland-038,switzerland,52,masculino,4,135,0,,0,128,1,2.0,2,,7,2,1
switzerland-039,switzerland,52,masculino,4,165,0,,0,122,1,1.0,1,,7,2,1
switzerland-040,switzerland,52,masculino,4,95,0,,0,82,1,,,,,2,1
switzerland-041,switzerland,53,masculino,2,120,0,0,0,95,0,0.0,2,,3,3,1
switzerland-042,switzerland,53,masculino,2,130,0,,1,120,0,0.7,3,,,0,0
switzerland-043,switzerland,53,masculino,3,105,0,0,0,115,0,0.0,2,,7,1,1
switzerland-044,switzerland,53,masculino,3,160,0,,2,122,1,0.0,,,7,1,1
switzerland-045,switzerland,53,masculino,4,120,0,,0,120,0,0.0,2,,7,1,1
switzerland-046,switzerland,53,masculino,4,125,0,,0,120,0,1.5,1,,,4,1
switzerland-047,switzerland,53,masculino,4,130,0,0,2,135,1,1.0,2,,7,2,1
switzerland-048,switzerland,53,masculino,4,80,0,,0,141,1,2.0,3,,,0,0
switzerland-049,switzerland,54,masculino,4,120,0,0,0,155,0,0.0,2,,7,2,1
switzerland-050,switzerland,54,masculino,4,130,0,,0,110,1,3.0,2,,7,3,1
switzerland-051,switzerland,54,masculino,4,180,0,,0,150,0,1.5,2,,7,1,1
switzerland-052,switzerland,55,masculino,2,140,0,,1,150,0,0.2,1,,,0,0
switzerland-053,switzerland,55,masculino,4,115,0,,0,155,0,0.1,2,,,1,1
switzerland-054,switzerland,55,masculino,4,120,0,0,1,92,0,0.3,1,,7,4,1
switzerland-055,switzerland,55,masculino,4,140,0,0,0,83,0,0.0,2,,7,2,1
switzerland-056,switzerland,56,masculino,3,120,0,0,0,97,0,0.0,2,,7,0,0
switzerland-057,switzerland,56,masculino,3,125,0,,0,98,0,-2.0,2,,7,2,1
switzerland-058,switzerland,56,masculino,3,155,0,0,1,99,0,0.0,2,,3,2,1
switzerland-059,switzerland,56,masculino,4,115,0,,1,82,0,-1.0,1,,,1,1
switzerland-060,switzerland,56,masculino,4,120,0,0,1,100,1,-1.0,3,,7,2,1
switzerland-061,switzerland,56,masculino,4,120,0,0,1,148,0,0.0,2,,,2,1
switzerland-062,switzerland,56,masculino,4,125,0,1,0,103,1,1.0,2,,7,3,1
switzerland-063,switzerland,56,masculino,4,140,0,,0,121,1,1.8,1,,,1,1
switzerland-064,switzerland,57,masculino,3,105,0,,0,148,0,0.3,2,,,1,1
switzerland-065,switzerland,57,masculino,4,110,0,,1,131,1,1.4,1,1,,3,1
switzerland-066,switzerland,57,masculino,4,140,0,0,0,120,1,2.0,2,,6,2,1
switzerland-067,switzerland,57,masculino,4,140,0,,0,100,1,0.0,,,6,3,1
switzerland-068,switzerland,57,masculino,4,160,0,,0,98,1,2.0,2,,7,2,1
switzerland-069,switzerland,57,masculino,4,95,0,,0,182,0,0.7,3,,,1,1
switzerland-070,switzerland,58,masculino,4,115,0,,0,138,0,0.5,1,,,1,1
switzerland-071,switzerland,58,masculino,4,130,0,0,1,100,1,1.0,2,,6,4,1
switzerland-072,switzerland,58,masculino,4,170,0,,1,105,1,0.0,,,3,1,1
switzerland-073,switzerland,59,masculino,3,125,0,,0,175,0,2.6,2,,,1,1
switzerland-074,switzerland,59,masculino,4,110,0,,0,94,0,0.0,,,6,3,1
switzerland-075,switzerland,59,masculino,4,120,0,0,0,115,0,0.0,2,,3,2,1
switzerland-076,switzerland,59,masculino,4,125,0,,0,119,1,0.9,1,,,1,1
switzerland-077,switzerland,59,masculino,4,135,0,0,0,115,1,1.0,2,,7,1,1
switzerland-078,switzerland,60,masculino,3,115,0,,0,143,0,2.4,1,,,1,1
switzerland-079,switzerland,60,masculino,4,125,0,,0,110,0,0.1,1,2,,3,1
switzerland-080,switzerland,60,masculino,4,130,0,,1,130,1,1.1,3,1,,1,1
switzerland-081,switzerland,60,masculino,4,135,0,0,0,63,1,0.5,1,,7,3,1
switzerland-082,switzerland,60,masculino,4,160,0,0,1,99,1,0.5,2,,7,3,1
switzerland-083,switzerland,60,masculino,4,160,0,,0,149,0,0.4,2,,,1,1
switzerland-084,switzerland,61,masculino,3,200,0,,1,70,0,0.0,,,3,3,1
switzerland-085,switzerland,61,masculino,4,105,0,,0,110,1,1.5,1,,,1,1
switzerland-086,switzerland,61,masculino,4,110,0,,0,113,0,1.4,2,,,1,1
switzerland-087,switzerland,61,masculino,4,125,0,0,0,105,1,0.0,3,,7,3,1
switzerland-088,switzerland,61,masculino,4,130,0,0,2,115,0,0.0,2,,7,3,1
switzerland-089,switzerland,61,masculino,4,130,0,,0,77,0,2.5,2,,,3,1
switzerland-090,switzerland,61,masculino,4,150,0,0,0,105,1,0.0,2,,7,1,1
switzerland-091,switzerland,61,masculino,4,150,0,0,0,117,1,2.0,2,,7,2,1
switzerland-092,switzerland,61,masculino,4,160,0,1,1,145,0,1.0,2,,7,2,1
switzerland-093,switzerland,62,feminino,1,140,0,,0,143,0,0.0,,,3,2,1
switzerland-094,switzerland,62,feminino,4,120,0,,1,123,1,1.7,3,,,1,1
switzerland-095,switzerland,62,masculino,1,120,0,,2,134,0,-0.8,2,2,,1,1
switzerland-096,switzerland,62,masculino,3,160,0,0,0,72,1,0.0,2,,3,3,1
switzerland-097,switzerland,62,masculino,4,115,0,,0,128,1,2.5,3,,,2,1
switzerland-098,switzerland,62,masculino,4,115,0,,0,72,1,-0.5,2,,3,1,1
switzerland-099,switzerland,62,masculino,4,150,0,,1,78,0,2.0,2,,7,3,1
switzerland-100,switzerland,63,masculino,4,100,0,,0,109,0,-0.9,2,,,1,1
switzerland-101,switzerland,63,masculino,4,140,0,,2,149,0,2.0,1,,,2,1
switzerland-102,switzerland,63,masculino,4,150,0,0,0,86,1,2.0,2,,,3,1
switzerland-103,switzerland,63,masculino,4,150,0,,1,154,0,3.7,1,,,3,1
switzerland-104,switzerland,63,masculino,4,185,0,0,0,98,1,0.0,1,,7,1,1
switzerland-105,switzerland,64,feminino,4,200,0,0,0,140,1,1.0,2,,3,3,1
switzerland-106,switzerland,64,feminino,4,95,0,,0,145,0,1.1,3,,,1,1
switzerland-107,switzerland,64,masculino,4,110,0,,0,114,1,1.3,3,,,1,1
switzerland-108,switzerland,65,masculino,4,115,0,0,0,93,1,0.0,2,,7,1,1
switzerland-109,switzerland,65,masculino,4,145,0,,1,67,0,,,,6,3,1
switzerland-110,switzerland,65,masculino,4,155,0,,0,154,0,1.0,1,,,0,0
switzerland-111,switzerland,65,masculino,4,160,0,1,1,122,0,,,,7,3,1
switzerland-112,switzerland,66,feminino,4,155,0,,0,90,0,0.0,,,7,1,1
switzerland-113,switzerland,66,masculino,4,150,0,0,0,108,1,2.0,2,,7,3,1
switzerland-114,switzerland,67,masculino,1,145,0,0,2,125,0,0.0,2,,3,2,1
switzerland-115,switzerland,68,masculino,4,135,0,0,1,120,1,0.0,1,,7,3,1
switzerland-116,switzerland,68,masculino,4,145,0,,0,136,0,1.8,1,,,1,1
switzerland-117,switzerland,69,masculino,4,135,0,0,0,130,0,0.0,2,,6,1,1
switzerland-118,switzerland,69,masculino,4,,0,0,1,,,,,,7,3,1
switzerland-119,switzerland,70,masculino,4,115,0,0,1,92,1,0.0,2,,7,1,1
switzerland-120,switzerland,70,masculino,4,140,0,1,0,157,1,2.0,2,,7,3,1
switzerland-121,switzerland,72,masculino,3,160,0,,2,114,0,1.6,2,2,,0,0
switzerland-122,switzerland,73,feminino,3,160,0,0,1,121,0,0.0,1,,3,1,1
switzerland-123,switzerland,74,masculino,2,145,0,,1,123,0,1.3,1,,,1,1
va-001,va,63,masculino,4,140,260,0,1,112,1,3.0,2,,,2,1
va-002,va,44,masculino,4,130,209,0,1,127,0,0.0,,,,0,0
va-003,va,60,masculino,4,132,218,0,1,140,1,1.5,3,,,2,1
va-004,va,55,masculino,4,142,228,0,1,149,1,2.5,1,,,1,1
va-005,va,66,masculino,3,110,213,1,2,99,1,1.3,2,,,0,0
va-006,va,66,masculino,3,120,0,0,1,120,0,-0.5,1,,,0,0
va-007,va,65,masculino,4,150,236,1,1,105,1,0.0,,,,3,1
va-008,va,60,masculino,3,180,0,0,1,140,1,1.5,2,,,0,0
va-009,va,60,masculino,3,120,0,,0,141,1,2.0,1,,,3,1
va-010,va,60,masculino,2,160,267,1,1,157,0,0.5,2,,,1,1
va-011,va,56,masculino,2,126,166,0,1,140,0,0.0,,,,0,0
va-012,va,59,masculino,4,140,0,0,1,117,1,1.0,2,,,1,1
va-013,va,62,masculino,4,110,0,0,0,120,1,0.5,2,,3,1,1
va-014,va,63,masculino,3,,0,0,2,,,,,,,1,1
va-015,va,57,masculino,4,128,0,1,1,148,1,1.0,2,,,1,1
va-016,va,62,masculino,4,120,220,0,1,86,0,0.0,,,,0,0
va-017,va,63,masculino,4,170,177,0,0,84,1,2.5,3,,,4,1
va-018,va,46,masculino,4,110,236,0,0,125,1,2.0,2,,,1,1
va-019,va,63,masculino,4,126,0,0,1,120,0,1.5,3,,,0,0
va-020,va,60,masculino,4,152,0,0,1,118,1,0.0,,,7,0,0
va-021,va,58,masculino,4,116,0,0,0,124,0,1.0,1,,,2,1
va-022,va,64,masculino,4,120,0,1,1,106,0,2.0,2,,,1,1
va-023,va,63,masculino,3,130,0,0,1,111,1,0.0,,,,3,1
va-024,va,74,masculino,3,,0,0,0,,,,,,,0,0
va-025,va,52,masculino,3,128,0,0,1,180,0,3.0,1,,,2,1
va-026,va,69,masculino,4,130,0,1,1,129,0,1.0,2,,6,2,1
va-027,va,51,masculino,4,,0,1,1,,,,,,,2,1
va-028,va,60,masculino,4,130,186,1,1,140,1,0.5,2,,,1,1
va-029,va,56,masculino,4,120,100,0,0,120,1,1.5,2,0,7,1,1
va-030,va,55,masculino,3,,228,0,1,,,,,,,3,1
va-031,va,54,masculino,4,,0,0,1,,,,,,,3,1
va-032,va,77,masculino,4,124,171,0,1,110,1,2.0,1,,,3,1
va-033,va,63,masculino,4,160,230,1,0,105,1,1.0,2,,,3,1
va-034,va,55,masculino,3,0,0,0,0,155,0,1.5,2,,,3,1
va-035,va,52,masculino,3,122,0,0,0,110,1,2.0,3,,,2,1
va-036,va,64,masculino,4,144,0,0,1,122,1,1.0,2,,,3,1
va-037,va,60,masculino,4,,281,0,1,,,,,,,2,1
va-038,va,60,masculino,4,120,0,0,0,133,1,2.0,1,,7,0,0
va-039,va,58,masculino,4,,203,1,0,,,,,,,1,1
va-040,va,59,masculino,4,154,0,0,1,131,1,1.5,,0,,0,0
va-041,va,61,masculino,3,120,0,0,0,80,1,0.0,2,,,3,1
va-042,va,40,masculino,4,125,0,1,0,165,0,0.0,,,7,1,1
va-043,va,61,masculino,4,,0,1,1,86,0,1.5,2,,7,3,1
va-044,va,41,masculino,4,104,0,0,1,111,0,0.0,,,,0,0
va-045,va,57,masculino,4,,277,1,1,,,,,,,4,1
va-046,va,63,masculino,4,136,0,0,0,84,1,0.0,,,7,2,1
va-047,va,59,masculino,4,122,233,0,0,117,1,1.3,3,,,1,1
va-048,va,51,masculino,4,128,0,0,0,107,0,0.0,,,,0,0
va-049,va,59,masculino,3,,0,0,0,128,1,2.0,3,,,2,1
va-050,va,42,masculino,3,134,240,,0,160,0,0.0,,,,0,0
va-051,va,55,masculino,3,120,0,0,1,125,1,2.5,2,,7,1,1
va-052,va,63,feminino,2,,0,0,0,,,,,,,0,0
va-053,va,62,masculino,4,152,153,0,1,97,1,1.6,1,,7,2,1
va-054,va,56,masculino,2,124,224,1,0,161,0,2.0,2,,,0,0
va-055,va,53,masculino,4,126,0,0,0,106,0,0.0,,,,1,1
va-056,va,68,masculino,4,138,0,0,0,130,1,3.0,2,,,2,1
va-057,va,53,masculino,4,154,0,,1,140,1,1.5,2,,,2,1
va-058,va,60,masculino,3,,316,1,1,,,,,,,3,1
va-059,va,62,masculino,2,,0,0,0,,,,,,,0,0
va-060,va,59,masculino,4,178,0,1,2,120,1,0.0,,,7,1,1
va-061,va,51,masculino,4,,218,1,2,,,,,,,0,0
va-062,va,61,masculino,4,110,0,,0,108,1,2.0,3,,,2,1
va-063,va,57,masculino,4,130,311,,1,148,1,2.0,2,,,1,1
va-064,va,56,masculino,3,170,0,0,2,123,1,2.5,,,,4,1
va-065,va,58,masculino,2,126,0,1,0,110,1,2.0,2,,,2,1
va-066,va,69,masculino,3,140,0,,1,118,0,2.5,3,,,2,1
va-067,va,67,masculino,1,142,270,1,0,125,0,2.5,1,,,3,1
va-068,va,58,masculino,4,120,0,0,2,106,1,1.5,3,,7,1,1
va-069,va,65,masculino,4,,0,0,0,,,,,,,1,1
va-070,va,63,masculino,2,,217,1,1,,,,,,,1,1
va-071,va,55,masculino,2,110,214,1,1,180,0,,,,,0,0
va-072,va,57,masculino,4,140,214,0,1,144,1,2.0,2,,6,2,1
va-073,va,65,masculino,1,,252,0,0,,,,,,,0,0
va-074,va,54,masculino,4,136,220,0,0,140,1,3.0,2,,,3,1
va-075,va,72,masculino,3,120,214,0,0,102,1,1.0,2,,,3,1
va-076,va,75,masculino,4,170,203,1,1,108,0,0.0,,,7,1,1
va-077,va,49,masculino,1,130,0,0,1,145,0,3.0,2,,,2,1
va-078,va,51,masculino,3,,339,0,0,,,,,,,3,1
va-079,va,60,masculino,4,142,216,0,0,110,1,2.5,2,,,2,1
va-080,va,64,feminino,4,142,276,0,0,140,1,1.0,2,,7,1,1
va-081,va,58,masculino,4,132,458,1,0,69,0,1.0,3,,,0,0
va-082,va,61,masculino,4,146,241,0,0,148,1,3.0,3,,,2,1
va-083,va,67,masculino,4,160,384,1,1,130,1,0.0,2,,,2,1
va-084,va,62,masculino,4,135,297,0,0,130,1,1.0,2,,,2,1
va-085,va,65,masculino,4,136,248,0,0,140,1,4.0,3,,,4,1
va-086,va,63,masculino,4,130,308,0,0,138,1,2.0,2,,,2,1
va-087,va,69,masculino,4,140,208,0,1,140,1,2.0,,,,3,1
va-088,va,51,masculino,4,,227,1,1,,,,,,,0,0
va-089,va,62,masculino,4,158,210,1,0,112,1,3.0,3,,,1,1
va-090,va,55,masculino,3,,245,1,1,,,,,,,1,1
va-091,va,75,masculino,4,136,225,0,0,112,1,3.0,2,,,3,1
va-092,va,40,masculino,3,106,240,0,0,80,1,0.0,,,7,0,0
va-093,va,67,masculino,4,120,0,1,0,150,0,1.5,3,,,3,1
va-094,va,58,masculino,4,110,198,0,0,110,0,0.0,,,,1,1
va-095,va,60,masculino,4,,195,0,0,,,,,,,0,0
va-096,va,63,masculino,4,160,267,1,1,88,1,2.0,,,,3,1
va-097,va,35,masculino,3,,161,0,1,,,,,,,0,0
va-098,va,62,masculino,1,112,258,0,1,150,1,,,,,1,1
va-099,va,43,masculino,4,122,0,0,0,120,0,0.5,1,,,1,1
va-100,va,63,masculino,3,130,0,1,1,160,0,3.0,2,,,0,0
va-101,va,68,masculino,3,150,195,1,0,132,0,0.0,,,6,1,1
va-102,va,65,masculino,4,150,235,0,0,120,1,1.5,2,,,3,1
va-103,va,48,masculino,3,102,0,,1,110,1,1.0,3,,,1,1
va-104,va,63,masculino,4,96,305,0,1,121,1,1.0,1,,,1,1
va-105,va,64,masculino,4,130,223,0,1,128,0,0.5,2,,,0,0
va-106,va,61,masculino,4,120,282,0,1,135,1,4.0,3,,6,3,1
va-107,va,50,masculino,4,144,349,0,2,120,1,1.0,1,,7,1,1
va-108,va,59,masculino,4,124,,0,0,117,1,1.0,2,,,1,1
va-109,va,55,masculino,4,150,160,0,1,150,0,0.0,,,,0,0
va-110,va,45,masculino,3,,236,0,0,,,,,,,0,0
va-111,va,65,masculino,4,,312,0,2,,,,,,,3,1
va-112,va,61,masculino,2,,283,0,0,,,,,,,0,0
va-113,va,49,masculino,3,,142,0,0,,,,,,,3,1
va-114,va,72,masculino,4,,211,0,0,,,,,,,1,1
va-115,va,50,masculino,4,,218,0,0,,,,,,,1,1
va-116,va,64,masculino,4,,306,1,1,,,,,,,3,1
va-117,va,55,masculino,4,116,186,1,1,102,0,0.0,,,,2,1
va-118,va,63,masculino,4,110,252,0,1,140,1,2.0,2,,,2,1
va-119,va,59,masculino,4,125,222,0,0,135,1,2.5,3,,,3,1
va-120,va,56,masculino,4,,0,0,2,,,,,,,1,1
va-121,va,62,masculino,3,,0,1,1,,,,,,,2,1
va-122,va,74,masculino,4,150,258,1,1,130,1,4.0,3,,,3,1
va-123,va,54,masculino,4,130,202,1,0,112,1,2.0,2,,,1,1
va-124,va,57,masculino,4,110,197,0,2,100,0,0.0,,,,0,0
va-125,va,62,masculino,3,,204,0,1,,,,,,,1,1
va-126,va,76,masculino,3,104,,0,2,120,0,3.5,3,,,4,1
va-127,va,54,feminino,4,138,274,0,0,105,1,1.5,2,,,1,1
va-128,va,70,masculino,4,170,192,0,1,129,1,3.0,3,,,2,1
va-129,va,61,feminino,2,140,298,1,0,120,1,0.0,,,7,0,0
va-130,va,48,masculino,4,,272,0,1,,,,,,,0,0
va-131,va,48,masculino,3,132,220,1,1,162,0,0.0,,,6,1,1
va-132,va,61,masculino,1,142,200,1,1,100,0,1.5,3,,,3,1
va-133,va,66,masculino,4,112,261,0,0,140,0,1.5,1,,,1,1
va-134,va,68,masculino,1,,181,1,1,,,,,,,0,0
va-135,va,55,masculino,4,172,260,0,0,73,0,2.0,,,,3,1
va-136,va,62,masculino,3,120,220,0,2,86,0,0.0,,,,0,0
va-137,va,71,masculino,3,,221,0,0,,,,,,,3,1
va-138,va,74,masculino,1,,216,1,0,,,,,,,3,1
va-139,va,53,masculino,3,155,175,1,1,160,0,,,,6,0,0
va-140,va,58,masculino,3,150,219,0,1,118,1,0.0,,,,2,1
va-141,va,75,masculino,4,160,310,1,0,112,1,2.0,3,,7,0,0
va-142,va,56,masculino,3,,208,1,1,,,,,,,4,1
va-143,va,58,masculino,3,,232,0,1,,,,,,,2,1
va-144,va,64,masculino,4,134,273,0,0,102,1,4.0,3,,,4,1
va-145,va,54,masculino,3,,203,0,1,,,,,,,0,0
va-146,va,54,masculino,2,,182,0,1,,,,,,,0,0
va-147,va,59,masculino,4,140,274,0,0,154,1,2.0,2,,,0,0
va-148,va,55,masculino,4,,204,1,1,,,,,,,1,1
va-149,va,57,masculino,4,144,270,1,1,160,1,2.0,2,,,3,1
va-150,va,61,masculino,4,,292,0,1,,,,,,,3,1
va-151,va,41,masculino,4,150,171,0,0,128,1,1.5,2,,,0,0
va-152,va,71,masculino,4,130,221,0,1,115,1,0.0,,,,3,1
va-153,va,38,masculino,4,110,289,0,0,105,1,1.5,3,,,1,1
va-154,va,55,masculino,4,158,217,0,0,110,1,2.5,2,,,1,1
va-155,va,56,masculino,4,128,223,0,1,119,1,2.0,3,,,2,1
va-156,va,69,masculino,4,,,1,0,,,,,,,2,1
va-157,va,64,masculino,4,150,193,0,1,135,1,0.5,2,,,2,1
va-158,va,72,masculino,4,160,,1,2,130,0,1.5,,,,2,1
va-159,va,69,masculino,4,,210,1,1,,,,,,,2,1
va-160,va,56,masculino,4,,282,1,0,,,,,,,1,1
va-161,va,62,masculino,4,,170,0,1,120,1,3.0,,,,4,1
va-162,va,67,masculino,4,,369,0,0,,,,,,,3,1
va-163,va,57,masculino,4,156,173,0,2,119,1,3.0,3,,,3,1
va-164,va,69,masculino,4,,289,1,1,,,,,,,3,1
va-165,va,51,masculino,4,,,1,2,,,,,,7,1,1
va-166,va,48,masculino,4,140,,0,0,159,1,1.5,1,,,3,1
va-167,va,69,masculino,4,122,216,1,2,84,1,0.0,,,7,2,1
va-168,va,69,masculino,3,,271,0,2,,,,,,,0,0
va-169,va,64,masculino,4,,244,1,1,,,,,,,2,1
va-170,va,57,masculino,2,180,285,1,1,120,0,0.8,,,,1,1
va-171,va,53,masculino,4,124,243,0,0,122,1,2.0,2,,7,1,1
va-172,va,37,masculino,3,118,240,0,2,165,0,1.0,2,,3,0,0
va-173,va,67,masculino,4,140,219,0,1,122,1,2.0,2,,7,3,1
va-174,va,74,masculino,3,140,237,1,0,94,0,0.0,,,,1,1
va-175,va,63,masculino,2,,165,0,1,,,,,,,0,0
va-176,va,58,masculino,4,100,213,0,1,110,0,0.0,,,,0,0
va-177,va,61,masculino,4,190,287,1,2,150,1,2.0,3,,,4,1
va-178,va,64,masculino,4,130,258,1,2,130,0,0.0,,,6,2,1
va-179,va,58,masculino,4,160,256,1,2,113,1,1.0,1,,,3,1
va-180,va,60,masculino,4,130,186,1,2,140,1,0.5,2,,,1,1
va-181,va,57,masculino,4,122,264,0,2,100,0,0.0,,,,1,1
va-182,va,55,masculino,3,,,0,1,,,,,,,0,0
va-183,va,55,masculino,4,120,226,0,2,127,1,1.7,3,,7,1,1
va-184,va,56,masculino,4,130,203,1,0,98,0,1.5,2,,7,1,1
va-185,va,57,masculino,4,130,207,0,1,96,1,1.0,2,,,0,0
va-186,va,61,masculino,3,,284,0,0,,,,,,,1,1
va-187,va,61,masculino,3,120,337,0,0,98,1,0.0,,,,3,1
va-188,va,58,masculino,3,150,219,0,1,118,1,0.0,,,,2,1
va-189,va,74,masculino,4,155,310,0,0,112,1,1.5,3,,,2,1
va-190,va,68,masculino,3,134,254,1,0,151,1,0.0,,,3,0,0
va-191,va,51,feminino,4,114,258,1,2,96,0,1.0,1,,,0,0
va-192,va,62,masculino,4,160,254,1,1,108,1,3.0,2,,,4,1
va-193,va,53,masculino,4,144,300,1,1,128,1,1.5,2,,,3,1
va-194,va,62,masculino,4,158,170,0,1,138,1,0.0,,,,1,1
va-195,va,46,masculino,4,134,310,0,0,126,0,0.0,,,3,2,1
va-196,va,54,feminino,4,127,333,1,1,154,0,0.0,,,,1,1
va-197,va,62,masculino,1,,139,0,1,,,,,,,0,0
va-198,va,55,masculino,4,122,223,1,1,100,0,0.0,,,6,2,1
va-199,va,58,masculino,4,,385,1,2,,,,,,,0,0
va-200,va,62,masculino,2,120,254,0,2,93,1,0.0,,,,1,1
