frase_id,frase,inicio,sintomas_encontrados,sintomas_negados,ranking,diagnostico_sugerido
1,"Há duas horas sinto um aperto no peito que irradia para o braço esquerdo, estou suando frio e larguei o almoço pela metade porque o enjoo não me deixa comer.",há duas horas,aperto no peito; irradia para o braço esquerdo; suando frio; enjoo,,Infarto Agudo do Miocárdio (10); Angina (2),Infarto Agudo do Miocárdio
2,"Há três semanas sinto dor no peito quando subo a escada do prédio, que passa depois de alguns minutos de repouso, e por isso preciso parar duas ou três vezes para chegar ao meu apartamento no quarto andar.",há três semanas,dor no peito; quando subo a escada; minutos de repouso,,Angina (8); Infarto Agudo do Miocárdio (2); Pericardite (1),Angina
3,"Há um mês sinto cansaço constante e fico com os tornozelos inchados no fim do dia; preciso dormir com dois travesseiros para deixar o tronco mais alto, porque deitado fico sem ar.",há um mês,cansaço constante; tornozelos inchados; dois travesseiros; deitado fico sem ar,,Insuficiência Cardíaca (11); Arritmia (Fibrilação Atrial) (1),Insuficiência Cardíaca
4,"Desde ontem sinto o coração disparado e batendo fora do ritmo, com tontura, e tive que sair mais cedo do trabalho porque fiquei com medo de cair.",desde ontem,coração disparado; fora do ritmo; tontura,,Arritmia (Fibrilação Atrial) (7); Hipertensão Arterial (1); Valvopatia (1),Arritmia (Fibrilação Atrial)
5,"Há duas semanas acordo com dor de cabeça na nuca e vista embaçada, e ontem a farmacêutica disse que minha pressão estava alta, 17 por 11, então parei de treinar na academia até passar pelo médico.",há duas semanas,dor de cabeça na nuca; pressão estava alta; vista embaçada; dor de cabeça,,Hipertensão Arterial (9),Hipertensão Arterial
6,"Há quatro dias, depois de uma gripe, sinto uma dor no peito em pontada que piora quando respiro fundo e melhora quando me inclino para frente, e passo a noite acordado porque a dor piora quando deito.",há quatro dias,dor no peito; dor no peito em pontada; piora quando respiro fundo; inclino para frente; piora quando deito; depois de uma gripe,,Pericardite (13); Angina (2); Infarto Agudo do Miocárdio (2),Pericardite
7,Há alguns meses tenho falta de ar quando faço esforço e desmaiei uma vez jogando futebol; o médico do posto disse que ouviu um sopro no coração e pediu que eu parasse de jogar até fazer os exames.,há alguns meses,quando faço esforço; falta de ar; falta de ar quando faço esforço; desmaiei; sopro no coração,,Valvopatia (9); Angina (4); Insuficiência Cardíaca (3); Arritmia (Fibrilação Atrial) (2); TVP / Embolia Pulmonar (1),Valvopatia
8,"Há três dias estou com a panturrilha inchada e dolorida depois de uma viagem de ônibus de 14 horas, e hoje de manhã comecei a sentir falta de ar súbita e dor ao respirar, a ponto de não conseguir ir do quarto até a cozinha sem parar.",há três dias; hoje de manhã,falta de ar; dor ao respirar; panturrilha inchada; viagem de ônibus; falta de ar súbita,,TVP / Embolia Pulmonar (11); Pericardite (2); Angina (1); Insuficiência Cardíaca (1); Valvopatia (1),TVP / Embolia Pulmonar
9,"Não sinto dor no peito, mas há uma semana tenho palpitações e cansaço constante mesmo depois de descansar, e já não consigo levar meus filhos a pé até a escola, que fica a duas quadras de casa.",há uma semana,cansaço constante; palpitações,dor no peito,Arritmia (Fibrilação Atrial) (4); Insuficiência Cardíaca (2),Arritmia (Fibrilação Atrial)
10,"Tenho 78 anos e há duas semanas sinto falta de ar ao deitar, tenho tosse seca à noite e os pés inchados, a ponto de meus sapatos não servirem mais.",há duas semanas,falta de ar; pés inchados; falta de ar ao deitar; tosse seca à noite,,Insuficiência Cardíaca (8); Angina (1); TVP / Embolia Pulmonar (1); Valvopatia (1),Insuficiência Cardíaca
